customer_id,transaction_count,unique_products,first_purchase,last_purchase,days_since_last_purchase,avg_purchase_interval_days,preferred_category_1,preferred_category_2,preferred_category_3
C0123,11,10,2025-01-06T13:41:07,2025-03-26T01:16:16,-19,7.4,Clothing,Food,Accessories
C0411,11,10,2025-01-15T20:55:07,2025-03-26T22:55:25,-20,6.4,Food,Electronics,Accessories
C0486,8,8,2025-01-24T19:39:42,2025-03-24T11:27:50,-17,7.857142857142857,Accessories,Clothing,Electronics
C0822,10,10,2025-01-15T01:41:34,2025-03-09T18:53:57,-3,5.555555555555555,Home,Food,Accessories
C0519,8,8,2025-02-05T07:40:31,2025-03-26T15:19:42,-20,6.571428571428571,Clothing,Food,Home
C0638,13,13,2025-01-06T23:31:25,2025-03-25T00:56:00,-18,5.833333333333333,Home,Accessories,Electronics
C0268,11,10,2025-01-11T04:47:45,2025-03-11T09:50:45,-4,5.5,Food,Clothing,Accessories
C0037,12,11,2025-01-15T23:57:43,2025-03-19T21:21:17,-13,5.181818181818182,Accessories,Clothing,Food
C0026,13,13,2025-01-04T22:13:28,2025-03-18T05:24:14,-11,5.416666666666667,Clothing,Food,Accessories
C0134,11,10,2025-01-03T03:43:32,2025-03-20T10:29:10,-13,6.8,Food,Home,Clothing
C0431,12,12,2025-01-10T23:55:00,2025-03-26T09:21:56,-19,6.363636363636363,Clothing,Food,Accessories
C0048,5,5,2025-01-11T13:05:24,2025-03-26T17:09:32,-20,18.25,Food,Accessories,Home
C0266,11,11,2025-01-29T22:20:27,2025-03-26T08:13:01,-19,4.9,Accessories,Electronics,Home
C0273,12,11,2025-01-18T08:49:53,2025-03-29T19:51:48,-23,5.909090909090909,Clothing,Accessories,Home
C0754,8,8,2025-01-12T08:09:34,2025-03-27T05:50:59,-20,9.857142857142858,Clothing,Home,Electronics
C0337,11,10,2025-01-04T19:23:22,2025-03-25T12:14:58,-19,7.4,Home,Clothing,Food
C0545,9,9,2025-01-10T15:12:57,2025-03-30T23:45:16,-24,9.25,Accessories,Electronics,Clothing
C0332,11,11,2025-01-06T05:58:38,2025-03-21T15:26:02,-15,7.0,Home,Electronics,Food
C0412,8,8,2025-01-07T01:45:47,2025-03-27T01:53:33,-20,10.857142857142858,Clothing,Home,Food
C0219,8,8,2025-01-11T13:37:38,2025-03-27T05:47:56,-20,10.142857142857142,Food,Clothing,Home
C0089,12,11,2025-01-05T17:48:25,2025-03-30T01:55:40,-23,7.0,Food,Clothing,Home
C0931,8,8,2025-01-01T03:19:30,2025-03-24T06:34:35,-17,11.0,Home,Clothing,Accessories
C0312,8,8,2025-01-08T05:58:09,2025-03-16T04:03:12,-9,9.142857142857142,Home,Clothing,Food
C0380,14,13,2025-01-03T18:10:40,2025-03-30T11:30:52,-23,6.076923076923077,Food,Clothing,Accessories
C0022,12,11,2025-01-02T13:21:50,2025-03-30T10:32:20,-23,7.454545454545454,Electronics,Clothing,Home
C0439,14,13,2025-01-02T02:36:56,2025-03-26T01:36:50,-19,5.923076923076923,Electronics,Home,Accessories
C0166,9,9,2025-01-02T23:39:46,2025-03-20T07:17:01,-13,9.0,Accessories,Food,Clothing
C0205,14,14,2025-01-01T18:50:45,2025-03-15T13:10:29,-9,5.153846153846154,Clothing,Electronics,Home
C0318,10,9,2025-01-19T22:25:33,2025-03-28T21:13:17,-22,6.888888888888889,Accessories,Clothing,Electronics
C0088,15,14,2025-01-02T09:37:13,2025-03-28T02:16:52,-21,5.5,Home,Food,Clothing
C0886,14,13,2025-01-03T05:13:39,2025-03-18T14:07:57,-12,5.153846153846154,Home,Electronics,Accessories
C0425,16,15,2025-01-09T19:02:46,2025-03-30T21:57:28,-24,4.733333333333333,Accessories,Home,Food
C0117,10,9,2025-01-11T07:40:37,2025-03-12T15:41:53,-6,6.333333333333333,Accessories,Food,Home
C0914,11,11,2025-01-10T15:59:12,2025-03-19T01:03:09,-12,6.2,Home,Accessories,Clothing
C0678,13,12,2025-01-05T03:52:03,2025-03-30T14:24:27,-24,6.666666666666667,Accessories,Food,Electronics
C0894,16,15,2025-01-20T06:14:59,2025-03-26T00:03:18,-19,3.8,Clothing,Home,Food
C0335,8,6,2025-01-01T05:23:10,2025-03-20T07:03:41,-13,10.428571428571429,Food,Electronics,Home
C0104,16,14,2025-01-15T01:35:17,2025-03-25T19:39:23,-19,4.133333333333334,Clothing,Accessories,Home
C0261,14,13,2025-01-03T22:09:41,2025-03-29T11:38:05,-22,6.0,Accessories,Electronics,Clothing
C0310,13,11,2025-01-01T07:04:10,2025-03-28T20:55:49,-22,6.75,Clothing,Home,Accessories
C0869,17,15,2025-01-03T02:56:29,2025-03-26T03:22:50,-19,4.5625,Clothing,Home,Food
C0967,11,10,2025-01-06T05:31:26,2025-03-28T05:04:33,-21,7.5,Clothing,Home,Accessories
C0895,13,11,2025-01-18T19:15:06,2025-03-14T10:00:17,-7,3.9166666666666665,Accessories,Food,Electronics
C0132,5,4,2025-03-09T16:49:38,2025-03-30T11:06:22,-23,4.75,Food,Clothing,Accessories
C0563,12,12,2025-01-14T20:18:02,2025-03-26T03:42:50,-19,6.0,Home,Accessories,Clothing
C0398,8,8,2025-01-21T19:39:44,2025-03-19T22:03:33,-13,7.714285714285714,Accessories,Electronics,Clothing
C0354,10,9,2025-01-03T13:17:55,2025-03-21T05:48:27,-14,8.11111111111111,Home,Electronics,Food
C0428,8,8,2025-01-01T07:58:05,2025-03-06T20:22:34,0,8.857142857142858,Clothing,Food,Home
C0112,15,13,2025-01-04T01:54:33,2025-03-29T23:03:01,-23,5.5,Home,Food,Accessories
C0418,18,17,2025-01-05T01:51:18,2025-03-29T00:58:02,-22,4.470588235294118,Accessories,Food,Clothing
C0995,15,14,2025-01-12T00:39:32,2025-03-28T08:00:04,-21,4.928571428571429,Accessories,Home,Food
C0543,11,10,2025-01-15T18:13:16,2025-03-27T00:02:31,-20,6.5,Accessories,Clothing,Electronics
C0893,7,7,2025-02-01T17:00:06,2025-03-30T23:45:33,-24,9.0,Accessories,Food,Clothing
C0364,11,11,2025-01-19T02:34:38,2025-03-20T01:06:28,-13,5.7,Accessories,Home,Food
C0286,18,17,2025-01-04T01:40:13,2025-03-23T10:40:40,-16,4.176470588235294,Accessories,Clothing,Food
C0021,11,9,2025-01-16T13:42:04,2025-03-29T01:52:24,-22,6.7,Accessories,Food,Home
C0265,11,10,2025-01-01T03:00:31,2025-03-30T20:48:43,-24,8.4,Clothing,Accessories,Food
C0764,12,10,2025-01-05T02:22:59,2025-03-29T18:50:02,-23,7.181818181818182,Accessories,Electronics,Home
C0630,11,11,2025-01-04T23:18:37,2025-03-21T15:50:09,-15,7.2,Clothing,Home,Electronics
C0262,9,9,2025-01-26T06:56:22,2025-03-29T18:33:27,-23,7.5,Accessories,Home,Clothing
C0627,11,11,2025-01-05T01:58:12,2025-03-27T21:25:30,-21,7.7,Clothing,Accessories,Electronics
C0475,3,3,2025-01-31T03:54:17,2025-03-10T18:15:42,-4,19.0,Home,Clothing,
C0221,14,13,2025-01-01T15:33:17,2025-03-24T00:49:03,-17,5.846153846153846,Clothing,Electronics,Accessories
C0858,12,12,2025-01-10T17:43:17,2025-03-16T06:08:19,-9,5.454545454545454,Clothing,Home,Accessories
C0945,6,6,2025-01-21T23:09:15,2025-03-21T14:18:45,-15,11.2,Accessories,Home,Electronics
C0815,14,14,2025-01-08T14:10:42,2025-03-19T18:23:25,-13,4.923076923076923,Clothing,Food,Accessories
C0820,9,8,2025-01-26T17:00:04,2025-02-28T15:59:01,6,3.5,Clothing,Home,Accessories
C0950,10,8,2025-01-08T03:38:17,2025-03-30T02:26:55,-23,8.555555555555555,Accessories,Clothing,Food
C0892,8,6,2025-01-05T11:21:41,2025-03-20T22:01:32,-14,10.142857142857142,Accessories,Clothing,Food
C0616,12,12,2025-01-07T17:02:45,2025-03-10T12:51:30,-4,5.090909090909091,Clothing,Electronics,Accessories
C0107,11,10,2025-01-04T11:16:03,2025-03-29T02:20:27,-22,7.8,Accessories,Home,Clothing
C0901,10,10,2025-01-04T05:39:55,2025-03-14T12:53:32,-8,7.222222222222222,Accessories,Home,Clothing
C0437,11,11,2025-01-18T01:01:45,2025-03-30T06:17:05,-23,6.5,Food,Clothing,Home
C0679,14,12,2025-01-03T12:43:54,2025-03-12T09:23:26,-5,4.615384615384615,Food,Accessories,Clothing
C0328,9,9,2025-01-11T16:25:47,2025-03-04T17:21:56,2,6.0,Accessories,Clothing,Electronics
C0973,7,6,2025-01-08T04:58:07,2025-03-11T18:50:11,-5,10.0,Accessories,Food,Clothing
C0371,8,8,2025-01-08T08:22:55,2025-03-18T07:21:11,-11,9.285714285714286,Home,Accessories,Electronics
C0103,14,13,2025-01-02T02:55:10,2025-03-30T23:30:27,-24,6.3076923076923075,Accessories,Home,Clothing
C0136,9,9,2025-01-08T17:00:54,2025-03-23T17:56:55,-17,8.875,Clothing,Home,Food
C0031,12,11,2025-01-13T04:57:18,2025-03-23T18:37:31,-17,5.909090909090909,Food,Home,Accessories
C0512,14,13,2025-01-02T22:29:41,2025-03-28T02:15:29,-21,6.0,Accessories,Clothing,Food
C0087,9,7,2025-01-02T03:21:43,2025-03-16T19:35:31,-10,8.875,Accessories,Food,Clothing
C0591,12,10,2025-01-02T02:17:45,2025-03-26T15:52:51,-20,7.090909090909091,Clothing,Food,Accessories
C0607,8,8,2025-01-01T14:02:03,2025-03-28T21:15:39,-22,11.714285714285714,Clothing,Accessories,Home
C0248,11,11,2025-01-03T19:11:07,2025-03-23T08:19:24,-16,7.4,Home,Electronics,Clothing
C0528,10,9,2025-01-12T05:06:03,2025-03-29T16:46:36,-23,8.0,Clothing,Electronics,Accessories
C0747,9,9,2025-01-04T17:36:29,2025-03-09T04:34:27,-2,7.5,Clothing,Accessories,Food
C0488,9,9,2025-01-07T09:41:04,2025-02-28T10:36:12,7,6.0,Food,Clothing,Accessories
C0496,12,11,2025-01-10T21:59:03,2025-03-30T19:46:03,-24,6.636363636363637,Accessories,Food,Clothing
C0229,11,11,2025-01-04T06:16:06,2025-03-27T08:53:12,-20,7.8,Accessories,Home,Electronics
C0301,14,14,2025-01-05T13:03:21,2025-03-26T19:06:53,-20,5.6923076923076925,Home,Clothing,Accessories
C0767,8,7,2025-02-11T05:02:24,2025-03-25T22:19:59,-19,5.571428571428571,Accessories,Food,Clothing
C0806,10,10,2025-01-02T10:18:37,2025-03-27T00:01:40,-20,8.777777777777779,Home,Accessories,Electronics
C0324,11,11,2025-01-02T00:33:41,2025-03-25T19:04:55,-19,7.8,Accessories,Home,Clothing
C0029,15,14,2025-01-01T01:50:02,2025-03-25T22:49:27,-19,5.5,Accessories,Clothing,Home
C0745,9,9,2025-01-13T00:28:44,2025-03-30T05:58:49,-23,9.0,Clothing,Electronics,Accessories
C0593,7,7,2025-01-09T05:14:07,2025-03-19T22:53:17,-13,11.0,Home,Electronics,Clothing
C0189,10,9,2025-01-13T08:26:50,2025-03-18T13:38:39,-12,6.555555555555555,Accessories,Home,Clothing
C0550,9,9,2025-01-10T04:50:27,2025-03-24T18:01:16,-18,8.875,Food,Clothing,Accessories
C0355,14,13,2025-01-02T14:44:06,2025-03-22T14:02:24,-16,5.461538461538462,Electronics,Accessories,Food
C0891,14,11,2025-01-11T06:27:21,2025-03-21T12:04:59,-14,4.769230769230769,Home,Accessories,Clothing
C0695,17,15,2025-01-02T12:09:45,2025-03-22T04:07:20,-15,4.375,Food,Clothing,Home
C0621,13,12,2025-01-04T12:56:54,2025-03-16T20:52:45,-10,5.5,Accessories,Clothing,Home
C0421,14,13,2025-01-04T02:36:04,2025-03-10T13:50:35,-4,4.461538461538462,Clothing,Home,Electronics
C0227,14,14,2025-01-14T01:26:09,2025-03-26T18:12:39,-20,5.076923076923077,Accessories,Clothing,Home
C0267,7,6,2025-01-08T12:03:53,2025-03-28T16:05:53,-22,12.833333333333334,Clothing,Food,Electronics
C0610,13,12,2025-01-14T20:42:14,2025-03-27T19:29:48,-21,5.416666666666667,Clothing,Food,Accessories
C0600,7,7,2025-01-02T05:46:24,2025-03-06T11:08:10,1,10.166666666666666,Clothing,Food,Home
C0531,11,11,2025-01-04T04:32:23,2025-03-28T05:00:27,-21,7.7,Clothing,Electronics,Food
C0009,15,15,2025-01-05T05:28:31,2025-03-28T01:57:04,-21,5.357142857142857,Accessories,Food,Home
C0558,12,12,2025-01-03T10:26:41,2025-03-24T17:24:44,-18,6.818181818181818,Accessories,Home,Food
C0912,11,10,2025-01-03T15:15:53,2025-03-28T14:03:00,-22,7.9,Accessories,Food,Home
C0915,10,10,2025-01-11T08:22:12,2025-03-15T13:45:34,-9,6.555555555555555,Accessories,Electronics,Home
C0460,8,8,2025-01-07T09:18:48,2025-03-19T08:41:06,-12,9.714285714285714,Accessories,Clothing,Food
C0360,9,8,2025-01-24T23:58:32,2025-03-08T22:09:43,-2,5.0,Food,Accessories,Electronics
C0321,16,15,2025-01-04T01:19:48,2025-03-26T19:46:07,-20,4.933333333333334,Clothing,Electronics,Accessories
C0836,5,5,2025-01-04T18:54:02,2025-03-09T23:35:22,-3,15.5,Accessories,Food,Home
C0518,11,11,2025-01-04T05:58:54,2025-03-20T07:32:57,-13,7.1,Clothing,Home,Food
C0384,7,7,2025-01-03T09:45:45,2025-03-12T09:56:50,-5,10.666666666666666,Food,Accessories,Clothing
C0182,8,8,2025-01-02T13:12:53,2025-03-21T19:23:16,-15,10.714285714285714,Clothing,Home,Accessories
C0225,11,11,2025-01-15T10:56:36,2025-03-10T19:03:03,-4,4.9,Accessories,Electronics,Food
C0034,12,11,2025-01-10T01:44:29,2025-03-26T23:15:09,-20,6.636363636363637,Clothing,Food,Accessories
C0704,13,11,2025-01-02T10:33:43,2025-03-26T03:29:22,-19,6.5,Home,Electronics,Clothing
C0397,10,9,2025-01-03T14:13:15,2025-03-26T20:16:16,-20,8.666666666666666,Food,Home,Clothing
C0556,11,11,2025-01-05T08:32:04,2025-03-19T21:50:19,-13,6.8,Clothing,Food,Home
C0816,11,11,2025-01-24T03:44:23,2025-03-21T01:20:50,-14,5.2,Clothing,Home,Food
C0828,11,11,2025-01-04T15:04:13,2025-03-24T22:55:33,-18,7.5,Clothing,Home,Accessories
C0390,13,13,2025-01-10T00:18:34,2025-03-22T22:41:49,-16,5.5,Clothing,Food,Electronics
C0085,10,10,2025-01-10T13:22:14,2025-03-26T02:27:14,-19,7.777777777777778,Home,Food,Clothing
C0844,9,9,2025-01-05T14:21:27,2025-03-19T06:43:00,-12,8.5,Home,Electronics,Clothing
C0415,13,13,2025-01-03T05:41:14,2025-03-28T22:27:07,-22,6.666666666666667,Food,Accessories,Clothing
C0694,13,11,2025-01-03T21:10:15,2025-03-27T11:21:50,-20,6.333333333333333,Clothing,Home,Electronics
C0761,8,7,2025-01-16T18:20:40,2025-03-29T20:34:40,-23,9.857142857142858,Food,Electronics,Accessories
C0848,13,13,2025-01-08T20:22:39,2025-03-27T20:34:24,-21,6.25,Home,Electronics,Food
C0515,7,7,2025-01-01T23:28:32,2025-03-06T00:41:08,1,9.833333333333334,Home,Clothing,Accessories
C0701,9,9,2025-01-09T18:38:31,2025-03-30T02:27:34,-23,9.5,Accessories,Clothing,Food
C0763,11,11,2025-01-20T15:08:12,2025-03-12T02:49:24,-5,4.5,Home,Clothing,Electronics
C0327,12,12,2025-01-07T02:35:58,2025-03-25T09:38:20,-18,6.545454545454546,Food,Home,Accessories
C0633,14,13,2025-01-05T21:40:51,2025-03-19T05:48:49,-12,5.0,Food,Electronics,Home
C0294,20,16,2025-01-09T20:06:49,2025-03-28T23:51:28,-22,3.6315789473684212,Accessories,Electronics,Home
C0877,13,12,2025-01-03T18:21:22,2025-03-21T07:45:03,-14,5.75,Clothing,Food,Home
C0240,10,10,2025-01-04T02:29:56,2025-03-27T03:52:54,-20,8.555555555555555,Food,Clothing,Home
C0817,12,12,2025-01-05T06:40:07,2025-03-28T02:08:00,-21,6.909090909090909,Clothing,Accessories,Electronics
C0109,12,12,2025-01-03T21:23:47,2025-03-12T21:30:27,-6,5.636363636363637,Home,Accessories,Electronics
C0272,15,14,2025-01-01T20:31:41,2025-03-30T23:16:58,-24,5.714285714285714,Food,Clothing,Accessories
C0191,6,6,2025-01-02T09:57:00,2025-03-11T21:05:52,-5,13.4,Home,Clothing,Electronics
C0686,16,13,2025-01-18T09:31:22,2025-03-30T11:24:40,-23,4.2,Home,Clothing,Accessories
C0643,12,11,2025-01-12T06:11:58,2025-03-26T15:37:22,-20,6.090909090909091,Food,Accessories,Home
C0765,13,11,2025-01-05T11:20:42,2025-03-29T10:48:07,-22,6.5,Home,Clothing,Accessories
C0438,12,12,2025-01-01T03:36:07,2025-03-11T05:18:09,-4,5.7272727272727275,Home,Accessories,Food
C0238,14,11,2025-01-05T03:02:23,2025-03-27T20:16:55,-21,5.6923076923076925,Food,Clothing,Home
C0159,9,9,2025-01-03T01:28:13,2025-03-24T09:24:46,-17,9.625,Clothing,Food,Home
C0821,10,10,2025-01-05T04:58:08,2025-03-29T03:43:47,-22,8.777777777777779,Home,Food,Accessories
C0090,6,6,2025-01-29T19:10:57,2025-03-09T17:21:33,-3,7.2,Food,Clothing,
C0958,9,8,2025-01-05T10:51:53,2025-03-26T16:03:27,-20,9.5,Accessories,Home,Electronics
C0427,8,8,2025-02-08T01:30:16,2025-03-22T02:48:39,-15,5.571428571428571,Clothing,Accessories,Home
C0114,11,8,2025-01-04T01:16:12,2025-03-28T14:02:51,-22,7.7,Accessories,Home,Food
C0292,8,8,2025-01-12T20:03:23,2025-03-28T14:23:02,-22,10.142857142857142,Home,Clothing,Accessories
C0257,15,15,2025-01-03T03:51:17,2025-03-30T10:16:17,-23,5.642857142857143,Accessories,Electronics,Food
C0729,6,5,2025-01-15T11:09:26,2025-03-19T20:42:50,-13,12.2,Clothing,Electronics,Home
C0801,8,7,2025-01-18T17:09:20,2025-03-19T00:14:03,-12,8.0,Clothing,Food,Home
C0955,15,15,2025-01-11T23:47:52,2025-03-28T02:48:26,-21,5.071428571428571,Accessories,Food,Electronics
C0482,6,6,2025-01-13T22:46:52,2025-03-09T09:22:39,-2,10.2,Home,Food,Clothing
C0524,12,12,2025-01-03T07:49:42,2025-03-23T01:56:52,-16,6.7272727272727275,Clothing,Accessories,Home
C0281,10,10,2025-01-24T16:33:20,2025-03-29T13:07:18,-23,6.444444444444445,Home,Food,Accessories
C0170,6,6,2025-01-18T16:18:34,2025-02-18T00:47:32,17,5.6,Accessories,Clothing,Home
C0876,12,12,2025-01-08T16:19:55,2025-03-30T05:29:38,-23,6.818181818181818,Electronics,Clothing,Food
C0879,8,7,2025-01-04T21:31:57,2025-03-05T22:07:24,1,8.0,Home,Electronics,Accessories
C0665,13,12,2025-01-19T09:57:18,2025-03-30T05:53:06,-23,5.333333333333333,Home,Clothing,Electronics
C0749,7,7,2025-01-14T18:29:36,2025-03-27T04:33:58,-20,11.333333333333334,Accessories,Clothing,Food
C0345,7,7,2025-01-28T03:38:09,2025-03-26T08:21:18,-19,9.0,Food,Electronics,Clothing
C0198,11,11,2025-01-08T04:15:42,2025-03-28T22:54:55,-22,7.5,Clothing,Accessories,Electronics
C0602,9,9,2025-01-01T08:32:46,2025-03-27T16:06:42,-21,10.125,Clothing,Food,Home
C0477,10,10,2025-01-08T11:40:33,2025-03-23T00:48:45,-16,7.555555555555555,Accessories,Clothing,Food
C0214,12,12,2025-01-06T16:26:43,2025-03-21T13:17:04,-15,6.454545454545454,Clothing,Accessories,Home
C0072,11,11,2025-01-09T05:19:34,2025-03-29T02:31:36,-22,7.4,Clothing,Accessories,Home
C0963,17,17,2025-01-07T19:11:35,2025-03-25T08:03:36,-18,4.25,Clothing,Home,Food
C0404,11,11,2025-01-10T13:26:05,2025-03-21T10:12:46,-14,6.6,Accessories,Clothing,Electronics
C0650,11,11,2025-01-02T00:07:50,2025-03-26T03:09:47,-19,7.8,Home,Food,Accessories
C0553,13,13,2025-01-01T08:56:10,2025-03-30T07:09:32,-23,7.0,Clothing,Food,Home
C0420,15,14,2025-01-03T10:34:20,2025-03-28T02:07:25,-21,5.357142857142857,Accessories,Home,Clothing
C0529,10,10,2025-01-26T17:47:47,2025-03-18T11:20:58,-11,5.0,Food,Clothing,Home
C0669,11,11,2025-01-05T11:54:11,2025-03-26T07:09:21,-19,7.5,Accessories,Food,Clothing
C0559,7,7,2025-01-31T21:45:44,2025-03-19T05:33:36,-12,7.166666666666667,Electronics,Clothing,Home
C0666,10,10,2025-01-09T06:40:08,2025-03-25T04:02:49,-18,8.0,Electronics,Clothing,Home
C0180,9,9,2025-01-09T15:14:06,2025-03-29T00:32:30,-22,9.25,Accessories,Food,Electronics
C0703,7,6,2025-01-29T12:22:33,2025-03-22T05:45:22,-15,8.166666666666666,Clothing,Home,Electronics
C0285,11,10,2025-01-12T12:24:11,2025-03-30T13:51:48,-24,7.3,Accessories,Clothing,Home
C0325,8,7,2025-01-15T11:27:13,2025-03-29T14:52:47,-23,9.857142857142858,Food,Home,Accessories
C0503,11,11,2025-01-01T09:16:45,2025-03-29T23:54:02,-23,8.4,Clothing,Food,Accessories
C0358,12,12,2025-01-04T14:13:36,2025-03-26T22:23:57,-20,6.909090909090909,Accessories,Home,Clothing
C0623,11,10,2025-01-24T08:50:38,2025-03-29T10:41:25,-22,5.8,Clothing,Home,Accessories
C0702,6,6,2025-01-18T10:15:14,2025-03-26T00:10:01,-19,12.8,Clothing,Electronics,Food
C0203,12,11,2025-01-18T10:19:54,2025-03-29T03:27:08,-22,5.7272727272727275,Home,Food,Accessories
C0899,10,10,2025-01-15T05:48:19,2025-03-29T00:13:34,-22,7.666666666666667,Food,Accessories,Home
C0882,12,11,2025-01-04T23:49:46,2025-03-26T09:11:56,-19,6.818181818181818,Accessories,Food,Clothing
C0462,9,9,2025-01-07T05:36:52,2025-03-16T06:59:11,-9,8.125,Clothing,Food,Accessories
C0028,12,12,2025-01-06T12:54:43,2025-03-21T20:23:07,-15,6.363636363636363,Clothing,Home,Food
C0234,15,13,2025-01-05T16:02:15,2025-03-30T03:00:36,-23,5.571428571428571,Accessories,Food,Home
C0978,24,23,2025-01-01T00:47:57,2025-03-29T17:25:21,-23,3.347826086956522,Clothing,Home,Electronics
C0637,13,13,2025-01-05T10:07:06,2025-03-30T19:43:11,-24,6.583333333333333,Clothing,Electronics,Home
C0887,8,8,2025-01-06T08:21:11,2025-03-14T14:37:04,-8,9.142857142857142,Accessories,Home,Electronics
C0173,13,11,2025-01-01T16:46:31,2025-03-28T16:44:30,-22,6.666666666666667,Home,Clothing,Food
C0278,5,5,2025-01-17T01:34:03,2025-03-23T17:13:08,-17,15.75,Clothing,Home,Food
C0446,11,9,2025-01-03T00:45:28,2025-03-27T00:44:16,-20,7.7,Home,Clothing,Accessories
C0865,9,8,2025-01-05T20:58:00,2025-03-16T10:32:33,-9,8.125,Food,Accessories,Electronics
C0624,9,9,2025-01-03T17:02:26,2025-02-24T20:17:44,10,6.25,Clothing,Home,Food
C0713,15,14,2025-01-03T17:10:25,2025-03-11T14:54:07,-5,4.214285714285714,Home,Electronics,Food
C0664,12,11,2025-01-11T16:44:46,2025-03-28T09:19:12,-21,6.363636363636363,Home,Electronics,Food
C0128,10,10,2025-01-22T03:04:53,2025-03-21T23:28:28,-15,6.111111111111111,Accessories,Clothing,Food
C0351,10,10,2025-01-19T07:49:31,2025-03-26T13:07:56,-20,6.888888888888889,Food,Accessories,Clothing
C0841,9,9,2025-01-10T09:40:57,2025-03-09T06:51:12,-2,6.625,Clothing,Accessories,Electronics
C0484,5,5,2025-01-04T14:34:15,2025-03-18T14:16:33,-12,17.75,Clothing,Electronics,Accessories
C0942,9,8,2025-01-04T22:17:57,2025-03-30T13:35:36,-24,10.0,Accessories,Home,Electronics
C0547,16,16,2025-01-03T22:10:02,2025-03-25T10:33:58,-18,5.0,Accessories,Clothing,Food
C0461,16,15,2025-01-02T00:50:42,2025-03-24T21:19:25,-18,5.0,Home,Clothing,Accessories
C0220,10,10,2025-01-09T21:12:59,2025-03-20T15:36:57,-14,7.222222222222222,Home,Accessories,Food
C0403,10,10,2025-01-02T16:12:01,2025-03-22T14:22:26,-16,8.11111111111111,Clothing,Home,Accessories
C0824,13,13,2025-01-05T12:03:08,2025-03-28T06:50:35,-21,6.333333333333333,Home,Clothing,Food
C0759,6,6,2025-01-27T01:28:42,2025-03-16T02:34:06,-9,9.0,Accessories,Food,Clothing
C0647,13,12,2025-01-09T21:16:53,2025-03-26T06:15:05,-19,5.666666666666667,Electronics,Accessories,Clothing
C0538,4,4,2025-01-23T07:53:02,2025-03-19T06:59:40,-12,17.666666666666668,Clothing,Food,Accessories
C0142,9,9,2025-01-15T16:27:47,2025-03-21T05:58:48,-14,7.5,Home,Clothing,Accessories
C0929,9,9,2025-01-04T01:46:34,2025-02-28T15:32:32,6,6.375,Home,Food,Clothing
C0807,9,9,2025-01-08T02:04:12,2025-03-26T03:59:41,-19,9.25,Clothing,Home,Accessories
C0941,12,12,2025-01-01T01:35:38,2025-03-20T19:32:50,-14,6.818181818181818,Accessories,Home,Clothing
C0937,7,7,2025-01-24T21:29:05,2025-03-28T18:25:18,-22,10.0,Food,Home,Clothing
C0244,7,6,2025-01-08T09:12:33,2025-03-30T06:09:28,-23,13.0,Accessories,Home,Electronics
C0463,11,9,2025-01-09T10:17:52,2025-03-15T16:03:34,-9,6.0,Home,Food,Accessories
C0837,10,9,2025-01-03T08:52:08,2025-03-10T16:10:40,-4,6.666666666666667,Clothing,Home,Accessories
C0874,14,13,2025-01-04T04:52:29,2025-03-12T17:59:50,-6,4.769230769230769,Home,Food,Accessories
C0658,12,12,2025-01-07T10:14:14,2025-03-13T20:12:21,-7,5.454545454545454,Clothing,Food,Electronics
C0859,8,8,2025-01-29T14:47:07,2025-02-22T13:22:06,12,3.0,Clothing,Food,Home
C0196,7,7,2025-01-12T09:55:32,2025-02-16T09:33:46,19,5.333333333333333,Accessories,Clothing,Home
C0546,13,12,2025-01-13T09:05:36,2025-03-27T03:40:52,-20,5.5,Accessories,Electronics,Home
C0419,14,14,2025-01-08T00:55:24,2025-03-30T09:46:57,-23,5.769230769230769,Electronics,Home,Clothing
C0513,8,7,2025-01-06T01:07:13,2025-03-13T05:16:22,-6,9.0,Accessories,Electronics,Food
C0388,12,12,2025-01-13T04:36:42,2025-03-10T10:27:01,-3,4.7272727272727275,Clothing,Accessories,Electronics
C0424,9,9,2025-01-04T19:57:34,2025-03-20T00:11:23,-13,8.875,Electronics,Clothing,Food
C0051,12,12,2025-01-04T05:12:28,2025-03-25T04:34:45,-18,6.7272727272727275,Electronics,Home,Food
C0530,8,8,2025-01-01T01:26:30,2025-03-24T19:59:38,-18,11.285714285714286,Clothing,Electronics,Accessories
C0224,5,5,2025-01-29T23:43:56,2025-03-12T18:08:02,-6,10.0,Home,Clothing,Accessories
C0582,14,14,2025-01-12T20:15:46,2025-03-24T03:18:52,-17,4.769230769230769,Accessories,Clothing,Home
C0423,15,14,2025-01-04T23:07:58,2025-03-18T16:47:14,-12,4.714285714285714,Accessories,Electronics,Clothing
C0564,8,8,2025-01-12T02:22:16,2025-03-17T21:31:36,-11,8.714285714285714,Home,Clothing,Accessories
C0017,15,15,2025-01-06T05:47:09,2025-03-26T22:57:46,-20,5.357142857142857,Food,Clothing,Home
C0314,10,10,2025-01-05T19:32:53,2025-03-28T17:01:28,-22,8.666666666666666,Accessories,Food,Clothing
C0825,18,17,2025-01-02T20:09:35,2025-03-28T10:23:17,-21,4.588235294117647,Accessories,Electronics,Clothing
C0794,16,14,2025-01-04T18:12:54,2025-03-29T02:51:52,-22,5.133333333333334,Accessories,Home,Food
C0969,12,12,2025-01-02T15:28:58,2025-03-16T21:01:13,-10,6.0,Home,Clothing,Food
C0400,7,7,2025-01-03T11:14:59,2025-03-28T17:04:34,-22,13.666666666666666,Food,Clothing,Accessories
C0709,9,9,2025-01-21T01:06:41,2025-03-26T06:04:24,-19,7.5,Home,Clothing,Electronics
C0827,10,9,2025-01-06T03:30:55,2025-03-21T21:51:50,-15,7.666666666666667,Food,Home,Electronics
C0740,8,7,2025-01-11T07:04:48,2025-03-21T16:47:41,-15,9.571428571428571,Accessories,Clothing,Food
C0768,8,8,2025-01-09T15:49:49,2025-03-21T07:10:55,-14,9.714285714285714,Clothing,Food,Accessories
C0407,15,15,2025-01-12T19:08:46,2025-03-30T08:10:17,-23,5.0,Food,Accessories,Clothing
C0192,9,9,2025-01-10T02:10:38,2025-03-09T02:24:01,-2,6.75,Home,Clothing,Food
C0984,12,12,2025-01-01T07:11:37,2025-03-26T00:41:35,-19,7.2727272727272725,Home,Accessories,Food
C0668,7,7,2025-01-06T05:28:24,2025-03-27T12:42:14,-21,12.833333333333334,Accessories,Home,
C0847,19,19,2025-01-03T13:13:34,2025-03-23T23:07:00,-17,3.9444444444444446,Home,Accessories,Electronics
C0923,9,9,2025-01-10T22:43:44,2025-03-24T02:53:34,-17,8.625,Electronics,Food,Home
C0537,10,10,2025-01-02T09:52:49,2025-03-25T18:54:44,-19,8.666666666666666,Accessories,Home,Food
C0356,12,12,2025-01-16T00:48:18,2025-03-28T05:47:13,-21,6.090909090909091,Clothing,Accessories,Electronics
C0935,11,10,2025-01-06T10:29:41,2025-03-30T10:11:19,-23,7.7,Accessories,Home,Clothing
C0993,7,7,2025-01-18T23:24:32,2025-03-11T06:27:54,-4,8.0,Clothing,Home,Food
C0838,6,6,2025-01-22T04:47:48,2025-03-26T03:49:46,-19,12.2,Clothing,Electronics,Food
C0504,9,7,2025-01-05T00:02:03,2025-03-19T06:33:40,-12,8.625,Clothing,Electronics,Home
C0163,7,7,2025-01-01T00:38:15,2025-03-12T22:07:51,-6,11.333333333333334,Food,Accessories,Home
C0111,7,7,2025-02-10T06:08:27,2025-03-18T21:11:18,-12,5.666666666666667,Electronics,Accessories,Home
C0940,9,8,2025-01-06T12:00:53,2025-03-26T17:08:21,-20,9.5,Food,Home,Accessories
C0982,11,10,2025-01-02T20:01:11,2025-03-19T04:57:48,-12,7.1,Clothing,Accessories,Food
C0635,11,11,2025-01-04T05:08:25,2025-03-23T19:44:59,-17,7.4,Accessories,Clothing,Electronics
C0185,16,16,2025-01-02T09:39:26,2025-03-28T16:42:59,-22,5.2,Clothing,Food,Accessories
C0040,10,10,2025-01-03T10:32:06,2025-03-23T10:15:43,-16,8.222222222222221,Electronics,Home,Clothing
C0215,9,8,2025-01-23T16:25:48,2025-03-23T02:15:26,-16,6.875,Clothing,Accessories,Food
C0831,16,15,2025-01-02T02:18:29,2025-03-06T16:12:06,0,3.7333333333333334,Food,Clothing,Home
C0648,10,10,2025-01-09T10:52:58,2025-03-15T18:08:56,-9,6.666666666666667,Accessories,Clothing,Electronics
C0065,13,13,2025-01-13T17:48:17,2025-03-11T01:20:23,-4,4.166666666666667,Clothing,Food,Accessories
C0609,10,10,2025-01-04T22:54:27,2025-03-19T00:22:00,-12,7.444444444444445,Accessories,Home,Clothing
C0721,12,11,2025-01-03T12:34:05,2025-03-13T04:39:23,-6,5.818181818181818,Clothing,Accessories,Electronics
C0426,10,10,2025-01-01T22:24:35,2025-03-27T12:50:26,-21,9.0,Clothing,Home,Electronics
C0661,11,11,2025-01-07T10:40:57,2025-03-30T12:18:06,-24,7.7,Accessories,Home,Clothing
C0854,9,9,2025-01-02T03:28:50,2025-03-29T10:07:40,-22,10.25,Home,Accessories,Clothing
C0916,17,17,2025-01-03T03:04:20,2025-03-27T05:37:15,-20,4.75,Accessories,Home,Food
C0920,10,9,2025-01-03T13:50:15,2025-03-29T03:17:55,-22,9.0,Home,Clothing,Accessories
C0523,6,6,2025-01-27T01:12:07,2025-03-23T04:59:43,-16,10.4,Home,Accessories,Food
C0010,10,10,2025-01-08T00:59:52,2025-03-29T03:51:31,-22,8.666666666666666,Clothing,Accessories,Electronics
C0288,7,6,2025-01-01T21:14:19,2025-03-25T10:00:37,-18,13.333333333333334,Clothing,Accessories,Electronics
C0578,7,7,2025-01-13T10:44:01,2025-03-03T20:08:13,3,7.666666666666667,Accessories,Clothing,Home
C0751,10,9,2025-01-09T04:07:52,2025-03-28T19:59:43,-22,8.222222222222221,Accessories,Food,Electronics
C0243,12,11,2025-01-01T04:45:42,2025-03-18T18:22:05,-12,6.545454545454546,Accessories,Food,Clothing
C0728,13,12,2025-01-05T13:16:35,2025-03-28T08:38:58,-21,6.25,Home,Clothing,Accessories
C0952,12,11,2025-01-01T12:40:58,2025-03-19T16:09:29,-13,6.454545454545454,Accessories,Clothing,Food
C0440,11,11,2025-01-03T13:26:50,2025-03-22T14:43:21,-16,7.2,Clothing,Home,Food
C0904,16,15,2025-01-03T01:00:17,2025-03-28T18:10:13,-22,5.2,Home,Accessories,Clothing
C0361,9,9,2025-01-07T21:42:42,2025-03-26T18:51:24,-20,9.375,Home,Food,Accessories
C0470,14,12,2025-01-04T03:04:22,2025-03-21T16:14:43,-15,5.384615384615385,Home,Accessories,Clothing
C0533,8,8,2025-01-08T10:23:56,2025-03-13T17:06:37,-7,8.714285714285714,Clothing,Accessories,Food
C0073,14,14,2025-01-06T18:30:38,2025-03-27T13:56:25,-21,5.615384615384615,Clothing,Food,Accessories
C0499,11,11,2025-01-01T05:47:29,2025-03-24T08:06:34,-17,7.7,Accessories,Home,Food
C0554,16,16,2025-01-07T19:10:37,2025-03-30T10:46:02,-23,5.0,Home,Food,Accessories
C0297,12,11,2025-01-05T12:20:26,2025-03-22T22:12:48,-16,6.2727272727272725,Accessories,Clothing,Food
C0317,10,10,2025-01-06T19:42:07,2025-03-16T20:22:40,-10,7.111111111111111,Clothing,Home,Accessories
C0567,10,10,2025-01-01T08:09:42,2025-03-30T09:46:00,-23,9.222222222222221,Clothing,Home,Accessories
C0084,9,9,2025-01-21T21:20:37,2025-03-28T22:32:28,-22,7.75,Electronics,Accessories,Clothing
C0057,9,9,2025-01-27T01:14:36,2025-03-25T01:48:47,-18,6.75,Home,Clothing,Electronics
C0442,8,8,2025-01-04T11:52:48,2025-03-27T09:52:23,-20,11.285714285714286,Clothing,Food,Electronics
C0083,7,7,2025-01-11T03:24:38,2025-03-17T20:34:45,-11,10.333333333333334,Accessories,Home,Clothing
C0561,8,8,2025-01-01T19:14:15,2025-03-08T12:07:18,-1,8.857142857142858,Accessories,Food,Clothing
C0151,16,15,2025-01-01T02:59:17,2025-03-29T08:34:40,-22,5.4,Accessories,Clothing,Food
C0344,12,12,2025-01-16T21:46:47,2025-03-30T11:22:14,-23,6.090909090909091,Accessories,Clothing,Home
C0374,16,15,2025-01-02T21:26:57,2025-03-28T21:52:14,-22,5.133333333333334,Clothing,Electronics,Food
C0654,6,6,2025-01-07T03:05:50,2025-03-26T22:44:20,-20,15.4,Clothing,Home,Accessories
C0730,12,11,2025-01-03T10:10:14,2025-03-10T22:03:47,-4,5.545454545454546,Accessories,Food,Clothing
C0416,11,11,2025-01-22T13:20:15,2025-03-27T00:55:26,-20,5.8,Electronics,Clothing,Home
C0544,8,8,2025-01-16T04:53:16,2025-03-30T05:19:04,-23,9.857142857142858,Clothing,Home,Electronics
C0481,16,16,2025-01-01T10:57:09,2025-03-29T17:03:29,-23,5.2,Clothing,Food,Home
C0457,12,12,2025-01-11T05:22:18,2025-03-27T19:48:38,-21,6.454545454545454,Food,Electronics,Clothing
C0149,13,13,2025-01-10T05:04:17,2025-03-28T07:52:59,-21,5.75,Accessories,Clothing,Food
C0095,7,7,2025-02-02T13:09:00,2025-03-23T10:00:04,-16,7.833333333333333,Accessories,Food,Clothing
C0672,13,12,2025-01-08T05:39:54,2025-03-27T13:15:46,-21,6.083333333333333,Clothing,Food,Electronics
C0323,10,10,2025-01-03T22:45:53,2025-03-25T20:31:28,-19,8.555555555555555,Home,Electronics,Food
C0932,8,8,2025-01-14T02:34:27,2025-03-15T09:20:32,-8,8.0,Accessories,Food,Home
C0769,12,12,2025-01-10T04:06:38,2025-03-25T17:21:48,-19,6.181818181818182,Accessories,Home,Food
C0473,5,5,2025-01-11T23:48:13,2025-03-22T09:18:54,-15,17.0,Food,Clothing,Electronics
C0076,9,9,2025-01-04T20:14:50,2025-03-19T02:53:00,-12,8.625,Accessories,Clothing,Home
C0910,17,15,2025-01-03T13:25:19,2025-03-28T19:14:53,-22,4.8125,Electronics,Accessories,Food
C0507,8,8,2025-02-02T06:47:31,2025-03-26T18:18:23,-20,7.142857142857143,Accessories,Clothing,Home
C0352,9,9,2025-01-13T16:25:34,2025-03-09T05:33:51,-2,6.25,Accessories,Home,Electronics
C0804,9,8,2025-01-05T16:20:02,2025-03-30T17:04:13,-24,10.125,Clothing,Accessories,Food
C0207,13,12,2025-01-08T10:48:37,2025-03-28T03:49:17,-21,6.25,Electronics,Home,Food
C0682,11,11,2025-01-12T22:09:10,2025-03-22T16:17:32,-16,6.4,Electronics,Clothing,Food
C0375,17,17,2025-01-04T09:26:02,2025-03-30T19:13:46,-24,4.8125,Clothing,Food,Home
C0070,11,11,2025-02-02T23:17:11,2025-03-25T22:01:30,-19,4.5,Accessories,Electronics,Food
C0241,9,8,2025-01-15T05:18:08,2025-03-14T18:51:26,-8,6.875,Accessories,Clothing,Electronics
C0681,13,12,2025-01-15T15:26:28,2025-03-27T02:26:55,-20,5.416666666666667,Food,Accessories,Electronics
C0833,11,11,2025-01-18T11:35:22,2025-03-29T14:48:40,-23,6.5,Clothing,Electronics,Accessories
C0277,10,9,2025-01-09T14:43:29,2025-03-29T07:52:21,-22,8.11111111111111,Clothing,Home,Food
C0008,10,9,2025-01-19T08:35:53,2025-03-27T06:11:54,-20,7.0,Food,Home,Clothing
C0125,10,10,2025-01-01T11:01:10,2025-03-28T07:42:24,-21,9.11111111111111,Accessories,Clothing,Food
C0742,10,10,2025-01-05T11:43:44,2025-03-28T01:46:35,-21,8.666666666666666,Clothing,Home,Food
C0013,7,5,2025-01-23T19:09:00,2025-03-25T02:52:03,-18,9.5,Clothing,Home,Food
C0968,10,10,2025-01-09T11:40:42,2025-03-20T06:25:45,-13,7.222222222222222,Food,Accessories,Electronics
C0660,6,6,2025-02-11T13:26:11,2025-03-26T02:11:21,-19,8.0,Accessories,Food,Home
C0023,10,10,2025-01-12T14:57:38,2025-03-17T17:23:56,-11,6.666666666666667,Clothing,Food,Home
C0933,17,14,2025-01-03T05:15:16,2025-03-23T23:18:38,-17,4.5,Accessories,Home,Food
C0755,13,12,2025-01-14T14:54:51,2025-03-17T07:41:57,-10,4.666666666666667,Accessories,Clothing,Electronics
C0316,15,13,2025-01-08T12:46:09,2025-03-28T16:55:21,-22,5.142857142857143,Food,Home,Clothing
C0043,11,10,2025-01-09T21:32:44,2025-03-30T14:33:39,-24,7.4,Accessories,Home,Clothing
C0064,16,12,2025-01-02T21:19:11,2025-03-26T08:39:27,-19,5.133333333333334,Accessories,Home,Clothing
C0781,9,9,2025-01-08T02:33:30,2025-03-18T18:33:33,-12,8.0,Accessories,Clothing,Electronics
C0667,12,12,2025-01-27T03:20:51,2025-03-28T13:10:20,-22,5.181818181818182,Home,Accessories,Clothing
C0108,7,7,2025-01-19T22:32:32,2025-03-30T04:05:20,-23,11.166666666666666,Home,Accessories,
C0187,10,8,2025-01-10T05:55:35,2025-03-15T16:30:59,-9,6.666666666666667,Clothing,Electronics,Home
C0789,9,8,2025-01-08T14:07:54,2025-03-21T15:50:34,-15,8.5,Accessories,Home,Electronics
C0829,6,6,2025-01-03T22:12:53,2025-03-27T23:58:49,-21,16.2,Clothing,Electronics,Accessories
C0911,12,11,2025-01-10T15:51:35,2025-03-10T13:24:50,-4,4.7272727272727275,Food,Home,Clothing
C0377,11,11,2025-01-03T12:22:07,2025-03-17T21:03:35,-11,6.9,Clothing,Accessories,Home
C0060,10,10,2025-01-01T04:03:30,2025-03-10T20:50:55,-4,7.0,Food,Clothing,Accessories
C0926,10,10,2025-01-06T08:37:00,2025-03-24T04:48:17,-17,8.11111111111111,Food,Electronics,Accessories
C0129,8,8,2025-01-11T10:36:43,2025-03-08T06:09:48,-1,7.571428571428571,Clothing,Home,Food
C0018,7,7,2025-01-12T11:23:10,2025-03-13T08:03:20,-6,9.5,Home,Food,Electronics
C0603,14,14,2025-01-02T20:50:44,2025-03-29T16:33:04,-23,5.923076923076923,Accessories,Clothing,Food
C0906,8,8,2025-01-15T06:09:27,2025-03-25T07:32:18,-18,9.428571428571429,Home,Accessories,Clothing
C0216,9,9,2025-01-09T05:00:24,2025-03-17T23:53:53,-11,8.0,Food,Accessories,Clothing
C0797,6,6,2025-01-02T12:58:58,2025-03-26T13:44:49,-20,16.0,Accessories,Electronics,Food
C0274,11,10,2025-01-13T07:00:03,2025-03-19T10:08:54,-12,6.1,Food,Accessories,Clothing
C0965,20,20,2025-01-01T15:58:08,2025-03-30T09:07:27,-23,4.105263157894737,Accessories,Food,Home
C0501,11,9,2025-01-05T06:56:07,2025-03-30T01:07:09,-23,7.8,Accessories,Home,Clothing
C0094,14,14,2025-01-03T02:47:44,2025-03-07T17:29:07,-1,4.3076923076923075,Home,Accessories,Clothing
C0113,12,10,2025-01-04T04:42:14,2025-03-27T17:56:03,-21,7.090909090909091,Home,Accessories,Food
C0183,10,10,2025-01-13T18:26:44,2025-03-20T05:36:21,-13,6.777777777777778,Accessories,Clothing,Food
C0124,12,11,2025-01-06T09:03:01,2025-03-27T22:28:49,-21,6.909090909090909,Clothing,Electronics,Food
C0024,8,7,2025-01-26T15:00:35,2025-03-24T19:19:12,-18,7.857142857142857,Food,Accessories,Electronics
C0938,15,15,2025-01-03T09:28:07,2025-03-30T20:57:13,-24,5.714285714285714,Clothing,Home,Accessories
C0030,6,6,2025-01-04T14:16:40,2025-03-18T01:00:37,-11,14.0,Accessories,Food,Home
C0293,8,8,2025-01-12T05:36:32,2025-03-20T12:20:10,-14,9.285714285714286,Clothing,Food,Home
C0177,13,13,2025-01-07T17:59:26,2025-03-12T01:19:25,-5,4.666666666666667,Food,Clothing,Home
C0981,9,8,2025-01-28T07:14:25,2025-03-28T22:00:48,-22,7.0,Accessories,Home,Food
C0074,17,16,2025-01-01T02:58:46,2025-03-25T03:54:54,-18,4.6875,Home,Accessories,Clothing
C0736,12,11,2025-01-09T16:44:08,2025-03-27T07:59:04,-20,6.454545454545454,Clothing,Accessories,Home
C0986,12,12,2025-01-01T17:46:08,2025-03-13T08:50:46,-6,5.909090909090909,Clothing,Accessories,Electronics
C0634,11,11,2025-01-11T10:57:10,2025-03-30T06:10:28,-23,7.3,Home,Accessories,Clothing
C0366,14,14,2025-01-07T10:59:52,2025-03-24T19:49:33,-18,5.615384615384615,Accessories,Home,Food
C0792,6,6,2025-02-03T13:20:01,2025-03-10T12:25:10,-4,6.2,Clothing,Electronics,Home
C1000,19,18,2025-01-01T13:48:23,2025-03-25T15:54:33,-19,4.166666666666667,Food,Clothing,Accessories
C0405,8,8,2025-01-04T07:35:25,2025-03-20T03:05:20,-13,10.428571428571429,Accessories,Food,Clothing
C0535,8,8,2025-01-10T05:11:28,2025-03-26T16:20:23,-20,10.428571428571429,Accessories,Clothing,Food
C0718,9,9,2025-01-29T22:15:29,2025-03-28T10:36:44,-21,6.625,Accessories,Clothing,Home
C0737,10,9,2025-01-03T20:10:14,2025-03-26T13:24:02,-20,8.666666666666666,Home,Accessories,Food
C0644,11,11,2025-01-04T00:45:05,2025-03-29T08:33:09,-22,8.0,Home,Food,Accessories
C0541,5,5,2025-01-20T11:35:52,2025-03-15T15:17:20,-9,13.0,Clothing,Accessories,Electronics
C0971,8,8,2025-01-08T08:22:25,2025-03-21T14:18:46,-15,9.857142857142858,Accessories,Home,Electronics
C0750,9,9,2025-01-08T06:53:54,2025-03-21T20:17:59,-15,8.375,Clothing,Home,Food
C0494,10,9,2025-01-11T08:45:44,2025-03-11T21:23:26,-5,6.333333333333333,Food,Home,Electronics
C0588,11,11,2025-01-19T08:29:55,2025-03-26T23:13:44,-20,6.1,Home,Food,Electronics
C0813,10,10,2025-01-10T02:42:23,2025-03-16T00:05:01,-9,6.777777777777778,Food,Electronics,Home
C0258,16,14,2025-01-01T15:12:08,2025-03-21T01:19:18,-14,4.733333333333333,Electronics,Food,Clothing
C0595,13,12,2025-01-04T21:20:09,2025-03-19T14:48:47,-13,5.666666666666667,Accessories,Home,Food
C0758,8,7,2025-01-17T08:02:01,2025-03-26T08:49:00,-19,9.142857142857142,Electronics,Home,Accessories
C0744,6,6,2025-01-01T00:53:36,2025-03-18T16:28:10,-12,15.0,Food,Home,Clothing
C0691,9,9,2025-01-01T01:40:23,2025-03-09T01:52:59,-2,7.75,Clothing,Electronics,Food
C0783,13,13,2025-01-07T12:11:10,2025-03-21T08:27:23,-14,5.583333333333333,Clothing,Accessories,Home
C0401,10,10,2025-01-04T19:02:17,2025-03-15T01:43:59,-8,7.444444444444445,Clothing,Food,Home
C0319,11,9,2025-01-20T23:01:50,2025-03-21T22:11:48,-15,5.5,Clothing,Home,Food
C0181,16,16,2025-01-06T04:45:36,2025-03-26T17:40:58,-20,4.8,Electronics,Food,Accessories
C0683,15,15,2025-01-07T21:38:03,2025-03-13T08:40:46,-6,4.142857142857143,Accessories,Food,Home
C0157,4,4,2025-01-24T05:19:38,2025-03-28T23:52:44,-22,20.666666666666668,Home,Food,Accessories
C0260,14,13,2025-01-01T17:05:10,2025-03-29T22:07:28,-23,6.230769230769231,Food,Home,Clothing
C0900,9,8,2025-01-01T05:36:34,2025-03-23T16:10:18,-17,9.625,Accessories,Food,Home
C0270,9,9,2025-01-06T21:49:25,2025-03-30T17:15:22,-24,10.0,Clothing,Accessories,Food
C0184,11,11,2025-01-03T09:33:49,2025-03-29T14:34:32,-23,8.0,Home,Accessories,Electronics
C0925,10,9,2025-01-04T02:52:20,2025-03-17T05:10:54,-10,7.444444444444445,Accessories,Clothing,Home
C0121,16,15,2025-01-02T18:36:09,2025-03-22T21:06:43,-16,4.8,Clothing,Food,Accessories
C0622,10,10,2025-01-08T01:11:43,2025-03-24T00:30:23,-17,7.777777777777778,Clothing,Electronics,Accessories
C0716,6,6,2025-01-21T18:21:39,2025-03-06T09:48:11,1,8.2,Clothing,Home,Accessories
C0152,8,5,2025-01-11T23:14:35,2025-03-30T18:33:28,-24,10.571428571428571,Clothing,Home,
C0846,11,10,2025-01-03T17:01:59,2025-03-24T02:32:23,-17,7.3,Accessories,Food,Clothing
C0209,11,11,2025-01-06T13:08:55,2025-03-30T09:26:04,-23,7.8,Clothing,Food,Accessories
C0697,12,11,2025-01-05T13:01:53,2025-03-13T01:15:24,-6,5.454545454545454,Clothing,Electronics,Accessories
C0974,11,10,2025-01-03T16:26:40,2025-03-24T07:28:37,-17,7.6,Food,Electronics,Home
C0309,8,8,2025-01-17T00:46:54,2025-03-17T22:55:03,-11,8.0,Accessories,Home,Clothing
C0478,10,10,2025-01-20T19:37:13,2025-03-21T21:22:58,-15,6.222222222222222,Clothing,Accessories,Food
C0283,8,8,2025-01-04T23:24:57,2025-03-23T18:02:39,-17,10.571428571428571,Clothing,Electronics,Accessories
C0299,8,7,2025-01-19T00:23:56,2025-03-30T02:58:24,-23,9.571428571428571,Accessories,Home,
C0290,14,14,2025-01-10T07:57:52,2025-03-16T16:54:39,-10,4.461538461538462,Clothing,Accessories,Electronics
C0362,11,11,2025-01-09T00:18:35,2025-03-28T16:10:40,-22,7.3,Clothing,Home,Food
C0540,14,14,2025-01-05T20:44:45,2025-03-22T02:35:40,-15,5.3076923076923075,Clothing,Food,Accessories
C0585,15,14,2025-01-07T15:38:01,2025-03-30T16:49:16,-24,5.357142857142857,Home,Food,Electronics
C0247,8,8,2025-01-22T23:03:22,2025-03-27T20:27:37,-21,8.857142857142858,Clothing,Food,Accessories
C0106,15,13,2025-01-11T14:15:02,2025-03-23T15:01:26,-17,4.642857142857143,Home,Food,Accessories
C0391,10,10,2025-01-12T21:16:07,2025-03-27T02:28:27,-20,7.666666666666667,Clothing,Accessories,Home
C0791,14,14,2025-01-05T14:16:47,2025-03-29T07:11:13,-22,5.846153846153846,Food,Accessories,Electronics
C0223,9,9,2025-01-02T19:18:59,2025-03-29T02:23:09,-22,10.125,Clothing,Home,Food
C0226,7,7,2025-01-11T19:22:21,2025-03-15T01:03:32,-8,10.0,Food,Home,Electronics
C0778,12,12,2025-01-08T09:34:40,2025-03-17T01:49:30,-10,5.818181818181818,Clothing,Home,Accessories
C0862,8,8,2025-01-24T01:16:05,2025-03-18T10:48:20,-11,7.142857142857143,Clothing,Food,Accessories
C0674,16,13,2025-01-06T09:29:02,2025-03-27T14:14:40,-21,4.933333333333334,Electronics,Food,Clothing
C0555,7,7,2025-01-10T11:12:44,2025-03-26T04:12:26,-19,12.0,Accessories,Home,Electronics
C0842,9,8,2025-01-04T08:55:32,2025-03-29T02:54:48,-22,9.875,Accessories,Home,Electronics
C0174,11,11,2025-01-08T18:01:35,2025-03-18T23:49:16,-12,6.6,Electronics,Clothing,Accessories
C0845,9,8,2025-01-03T20:46:01,2025-03-29T08:22:41,-22,10.25,Clothing,Accessories,Food
C0731,13,13,2025-01-15T02:01:51,2025-03-30T07:21:03,-23,5.583333333333333,Clothing,Electronics,Accessories
C0306,10,10,2025-01-01T10:55:16,2025-03-30T06:51:16,-23,9.333333333333334,Clothing,Home,Electronics
C0483,10,10,2025-01-02T00:59:57,2025-03-30T07:45:57,-23,9.222222222222221,Clothing,Electronics,Accessories
C0194,12,12,2025-01-11T10:14:48,2025-03-26T01:33:33,-19,6.090909090909091,Accessories,Electronics,Home
C0690,9,9,2025-01-03T02:10:45,2025-03-17T10:42:04,-10,8.75,Clothing,Food,Electronics
C0341,9,8,2025-01-06T21:50:53,2025-03-28T16:19:27,-22,9.625,Food,Accessories,Home
C0583,13,13,2025-01-03T06:46:58,2025-03-30T15:57:57,-24,6.75,Clothing,Food,Home
C0803,4,4,2025-01-09T03:00:52,2025-03-26T05:00:29,-19,25.0,Clothing,Food,Accessories
C0052,9,9,2025-01-14T09:17:08,2025-03-23T08:02:23,-16,8.0,Food,Accessories,Home
C0252,11,11,2025-01-12T07:18:16,2025-03-29T09:33:52,-22,7.0,Food,Home,Accessories
C0629,11,11,2025-01-05T04:08:22,2025-03-23T19:23:46,-17,7.3,Accessories,Home,Food
C0776,9,7,2025-01-05T17:55:10,2025-03-30T12:01:02,-23,10.0,Food,Clothing,
C0373,10,9,2025-01-13T06:16:28,2025-03-19T18:27:46,-13,6.777777777777778,Food,Electronics,Accessories
C0770,12,11,2025-01-18T14:14:00,2025-03-25T01:09:26,-18,5.363636363636363,Accessories,Clothing,Home
C0922,7,7,2025-01-08T10:35:16,2025-03-25T16:50:51,-19,12.0,Home,Accessories,Clothing
C0572,12,11,2025-01-02T19:47:29,2025-03-30T20:44:11,-24,7.545454545454546,Food,Clothing,Home
C0961,11,9,2025-01-03T03:55:35,2025-03-14T04:03:29,-7,6.7,Accessories,Food,Clothing
C0560,13,12,2025-01-06T10:36:08,2025-03-22T12:49:15,-16,5.75,Home,Clothing,Accessories
C0571,12,12,2025-01-02T08:13:51,2025-03-28T07:17:17,-21,7.181818181818182,Food,Accessories,Home
C0282,15,15,2025-01-02T05:39:25,2025-03-18T09:56:05,-11,4.785714285714286,Clothing,Accessories,Food
C0295,7,7,2025-01-10T07:44:25,2025-03-24T02:58:20,-17,11.833333333333334,Food,Home,Electronics
C0027,13,13,2025-01-01T15:41:15,2025-03-27T04:55:06,-20,6.666666666666667,Home,Electronics,Food
C0347,14,13,2025-01-05T13:57:59,2025-03-19T03:21:22,-12,5.076923076923077,Clothing,Home,Accessories
C0525,16,15,2025-01-12T00:13:33,2025-03-30T06:03:48,-23,4.666666666666667,Clothing,Accessories,Food
C0251,10,9,2025-01-06T02:34:31,2025-03-22T06:44:53,-15,8.0,Accessories,Food,Clothing
C0907,5,5,2025-01-11T17:32:04,2025-03-17T08:18:34,-10,15.5,Accessories,Clothing,Food
C0453,7,7,2025-01-04T23:30:39,2025-03-12T15:35:59,-6,10.666666666666666,Electronics,Accessories,Home
C0994,6,6,2025-01-14T08:53:47,2025-03-09T11:11:19,-2,10.6,Home,Clothing,Electronics
C0315,14,13,2025-01-04T09:51:18,2025-03-30T16:57:37,-24,6.153846153846154,Clothing,Home,Food
C0330,13,10,2025-01-01T22:09:02,2025-03-22T04:44:20,-15,6.083333333333333,Electronics,Food,Home
C0722,11,10,2025-01-15T15:03:01,2025-03-26T20:51:23,-20,6.6,Clothing,Accessories,Electronics
C0144,16,15,2025-01-03T12:28:32,2025-03-28T07:44:13,-21,5.0,Food,Clothing,Home
C0905,15,13,2025-01-09T01:10:02,2025-03-30T16:59:29,-24,5.214285714285714,Food,Clothing,Electronics
C0656,14,12,2025-01-03T02:03:59,2025-03-27T12:03:56,-20,6.0,Accessories,Food,Clothing
C0983,11,11,2025-01-03T23:45:03,2025-03-28T08:30:45,-21,7.7,Home,Food,Clothing
C0287,6,6,2025-01-02T07:12:32,2025-03-06T18:48:11,0,12.2,Home,Accessories,Clothing
C0636,7,7,2025-01-11T16:22:08,2025-03-18T23:46:49,-12,10.5,Electronics,Clothing,Home
C0402,6,6,2025-01-18T04:01:02,2025-03-10T21:09:10,-4,9.8,Clothing,Electronics,Accessories
C0746,12,10,2025-01-28T02:15:41,2025-03-22T04:07:40,-15,4.363636363636363,Home,Clothing,Accessories
C0651,12,12,2025-01-11T03:32:07,2025-03-18T12:46:15,-12,5.545454545454546,Home,Accessories,Food
C0077,8,8,2025-01-08T17:51:47,2025-03-23T10:03:17,-16,10.142857142857142,Electronics,Clothing,Accessories
C0739,5,5,2025-01-03T15:57:36,2025-03-10T10:59:49,-3,16.0,Electronics,Clothing,Food
C0810,8,7,2025-01-02T04:34:30,2025-03-16T12:04:29,-9,10.0,Clothing,Food,Accessories
C0379,11,11,2025-01-22T16:24:17,2025-03-22T11:37:16,-15,5.5,Food,Home,Accessories
C0349,12,11,2025-01-01T17:08:05,2025-03-28T17:17:38,-22,7.2727272727272725,Home,Food,Accessories
C0130,8,8,2025-01-01T11:09:48,2025-03-27T18:14:41,-21,11.714285714285714,Home,Food,Accessories
C0269,17,17,2025-01-06T23:23:39,2025-03-27T00:11:16,-20,4.5,Home,Accessories,Food
C0444,9,8,2025-01-11T16:35:41,2025-03-28T23:11:42,-22,9.125,Clothing,Food,Accessories
C0211,6,6,2025-01-07T07:52:51,2025-03-06T10:22:49,1,11.2,Home,Electronics,Clothing
C0172,11,11,2025-01-10T14:09:20,2025-03-30T08:51:39,-23,7.3,Clothing,Electronics,Accessories
C0723,15,12,2025-01-01T08:21:38,2025-03-16T18:43:26,-10,4.785714285714286,Clothing,Food,Accessories
C0165,8,8,2025-01-01T22:37:04,2025-03-01T16:16:56,5,7.857142857142857,Home,Clothing,Accessories
C0256,18,16,2025-01-06T07:28:23,2025-03-27T09:15:54,-20,4.235294117647059,Accessories,Food,Home
C0336,14,14,2025-01-02T03:14:23,2025-03-29T05:50:50,-22,6.153846153846154,Food,Home,Accessories
C0178,19,18,2025-01-02T12:54:33,2025-03-30T12:41:47,-24,4.333333333333333,Clothing,Food,Home
C0936,11,10,2025-01-10T09:17:11,2025-03-22T08:02:14,-15,6.5,Electronics,Clothing,Accessories
C0615,6,6,2025-01-19T19:16:03,2025-03-21T13:13:17,-15,11.4,Accessories,Food,Electronics
C0671,7,6,2025-01-24T21:25:07,2025-03-29T16:45:47,-23,10.166666666666666,Accessories,Home,Food
C0239,10,8,2025-01-22T20:17:23,2025-03-30T14:06:16,-24,7.0,Accessories,Clothing,Home
C0598,9,8,2025-01-06T23:52:39,2025-03-10T06:48:13,-3,7.25,Clothing,Accessories,Food
C0399,13,13,2025-01-01T07:00:40,2025-03-21T11:00:56,-14,6.0,Accessories,Home,Clothing
C0830,19,18,2025-01-01T02:54:37,2025-03-30T17:38:40,-24,4.388888888888889,Accessories,Food,Home
C0049,9,9,2025-01-01T22:51:15,2025-03-22T23:42:33,-16,9.5,Electronics,Home,Accessories
C0387,12,10,2025-01-07T05:52:54,2025-03-27T18:09:52,-21,6.7272727272727275,Accessories,Clothing,Home
C0960,8,8,2025-01-09T17:29:31,2025-03-20T12:41:15,-14,9.428571428571429,Clothing,Electronics,Food
C0868,9,9,2025-01-14T00:41:31,2025-03-21T07:40:16,-14,7.875,Electronics,Clothing,Accessories
C0116,18,15,2025-01-01T00:37:48,2025-03-29T02:03:35,-22,4.529411764705882,Accessories,Home,Food
C0897,8,7,2025-01-21T14:45:10,2025-03-27T18:36:12,-21,8.857142857142858,Accessories,Food,Clothing
C0771,10,9,2025-01-06T18:31:03,2025-03-24T23:06:35,-18,8.11111111111111,Accessories,Clothing,Electronics
C0870,4,4,2025-01-19T06:44:44,2025-02-24T20:28:56,10,11.666666666666666,Clothing,Home,
C0188,14,14,2025-01-02T17:46:59,2025-03-25T20:02:47,-19,5.769230769230769,Electronics,Accessories,Clothing
C0762,13,12,2025-01-08T21:26:33,2025-03-28T11:42:53,-21,6.083333333333333,Home,Accessories,Clothing
C0041,14,14,2025-01-23T02:16:09,2025-03-25T13:57:56,-19,4.153846153846154,Food,Accessories,Home
C0696,9,9,2025-01-08T19:52:36,2025-02-25T03:36:06,10,5.5,Food,Electronics,Accessories
C0322,12,11,2025-01-15T14:07:32,2025-03-30T20:49:25,-24,6.181818181818182,Accessories,Clothing,Food
C0032,11,11,2025-01-01T16:43:33,2025-03-12T06:37:28,-5,6.5,Electronics,Accessories,Clothing
C0236,11,10,2025-01-10T19:53:14,2025-03-24T04:13:07,-17,6.9,Clothing,Food,Home
C0889,9,9,2025-01-02T17:17:48,2025-03-12T20:14:08,-6,8.125,Accessories,Clothing,Electronics
C0150,7,7,2025-01-12T07:51:45,2025-03-27T09:17:43,-20,12.0,Food,Accessories,Electronics
C0454,5,4,2025-01-06T01:01:12,2025-03-09T08:28:55,-2,15.25,Accessories,Electronics,Home
C0855,9,8,2025-01-03T14:59:36,2025-03-10T07:27:51,-3,7.625,Electronics,Food,Accessories
C0966,10,9,2025-01-07T08:51:08,2025-03-27T21:00:11,-21,8.222222222222221,Home,Accessories,Food
C0443,14,13,2025-01-02T19:03:46,2025-03-24T23:17:27,-18,5.769230769230769,Accessories,Electronics,Food
C0687,9,8,2025-01-02T11:37:52,2025-03-24T01:16:13,-17,9.625,Home,Clothing,Electronics
C0156,9,9,2025-01-09T02:55:50,2025-03-21T14:09:06,-15,8.5,Home,Electronics,Food
C0760,7,7,2025-01-25T20:42:00,2025-03-16T21:46:40,-10,7.833333333333333,Clothing,Home,
C0213,9,8,2025-01-31T10:21:57,2025-03-30T19:51:40,-24,6.75,Food,Electronics,Home
C0775,4,4,2025-01-02T09:33:10,2025-03-14T11:11:31,-7,23.333333333333332,Clothing,Food,Electronics
C0012,9,8,2025-01-04T14:54:04,2025-03-29T22:03:17,-23,10.0,Clothing,Home,Electronics
C0353,11,9,2025-01-09T03:14:28,2025-03-12T01:42:41,-5,5.6,Accessories,Food,Clothing
C0875,11,11,2025-01-16T16:38:02,2025-03-22T22:44:20,-16,6.2,Accessories,Home,Food
C0035,9,8,2025-01-05T17:39:31,2025-03-23T07:23:07,-16,9.0,Home,Accessories,Food
C0171,7,7,2025-01-02T07:29:18,2025-03-14T20:02:33,-8,11.666666666666666,Home,Clothing,Accessories
C0447,10,10,2025-01-14T11:49:42,2025-03-29T11:52:23,-22,7.888888888888889,Home,Clothing,Electronics
C0340,9,9,2025-01-03T06:16:45,2025-03-28T10:50:46,-21,10.125,Accessories,Clothing,Home
C0532,7,6,2025-01-25T13:51:04,2025-03-30T15:03:03,-24,10.166666666666666,Food,Home,Clothing
C0720,12,11,2025-01-08T00:24:52,2025-03-30T05:29:32,-23,6.818181818181818,Food,Accessories,Clothing
C0964,9,9,2025-01-02T16:45:49,2025-03-26T03:51:13,-19,10.0,Accessories,Electronics,Home
C0179,12,11,2025-01-01T17:05:53,2025-03-12T21:16:01,-6,6.0,Home,Accessories,Clothing
C0334,11,11,2025-01-02T03:13:16,2025-03-24T07:08:49,-17,7.5,Electronics,Food,Clothing
C0331,13,13,2025-01-22T15:52:03,2025-03-10T02:03:42,-3,3.25,Clothing,Food,Home
C0727,9,7,2025-01-02T12:29:57,2025-03-23T11:39:31,-16,9.5,Clothing,Food,Electronics
C0408,15,13,2025-01-05T06:13:34,2025-03-26T13:50:29,-20,5.285714285714286,Accessories,Clothing,Food
C0059,8,7,2025-01-08T16:06:14,2025-03-28T13:02:54,-22,10.714285714285714,Home,Clothing,Accessories
C0772,11,10,2025-01-02T02:05:03,2025-03-20T13:39:30,-14,7.2,Accessories,Electronics,Clothing
C0140,9,9,2025-01-22T13:45:36,2025-03-27T02:54:41,-20,7.5,Food,Home,Accessories
C0096,14,13,2025-01-01T14:32:58,2025-03-17T02:09:55,-10,5.153846153846154,Home,Electronics,Clothing
C0839,8,8,2025-01-09T11:48:49,2025-03-04T22:17:08,2,7.428571428571429,Home,Food,Electronics
C0202,9,8,2025-01-06T10:36:58,2025-03-30T04:52:13,-23,9.75,Accessories,Electronics,Clothing
C0990,9,9,2025-01-06T02:02:01,2025-03-25T17:40:40,-19,9.375,Food,Accessories,Electronics
C0204,9,9,2025-01-04T17:18:40,2025-03-30T20:13:39,-24,10.25,Clothing,Home,Accessories
C0284,8,7,2025-01-16T19:09:37,2025-03-21T07:56:24,-14,8.428571428571429,Electronics,Food,Clothing
C0948,8,8,2025-01-29T03:05:45,2025-03-30T06:08:37,-23,7.857142857142857,Food,Accessories,Home
C0946,13,12,2025-01-03T09:51:19,2025-03-27T18:09:55,-21,6.5,Home,Electronics,Clothing
C0756,8,8,2025-01-18T01:30:12,2025-02-22T11:01:25,13,4.571428571428571,Accessories,Electronics,Clothing
C0985,11,10,2025-01-10T00:04:17,2025-03-26T05:05:50,-19,7.1,Clothing,Accessories,Food
C0809,11,11,2025-01-23T04:47:36,2025-03-22T05:20:04,-15,5.4,Accessories,Food,Clothing
C0471,4,4,2025-01-06T00:59:12,2025-03-20T13:52:42,-14,24.0,Home,Clothing,
C0557,10,10,2025-01-20T12:04:22,2025-03-12T21:20:28,-6,5.222222222222222,Accessories,Food,Electronics
C0441,14,14,2025-01-02T16:23:03,2025-03-29T09:20:53,-22,6.076923076923077,Food,Clothing,Accessories
C0700,14,13,2025-01-04T14:16:20,2025-03-28T13:52:02,-22,5.846153846153846,Food,Electronics,Home
C0200,16,14,2025-01-04T16:25:54,2025-03-14T21:49:43,-8,4.066666666666666,Food,Accessories,Home
C0264,7,5,2025-01-24T05:17:50,2025-03-24T22:54:09,-18,9.5,Accessories,Clothing,
C0078,6,6,2025-01-09T13:45:53,2025-03-21T11:32:40,-14,13.6,Clothing,Electronics,Food
C0738,12,11,2025-01-10T05:44:44,2025-03-27T13:56:01,-21,6.636363636363637,Clothing,Home,Electronics
C0835,13,13,2025-01-01T03:27:37,2025-03-10T07:17:54,-3,5.166666666666667,Accessories,Food,Home
C0348,11,11,2025-01-01T05:08:04,2025-03-10T13:46:41,-4,6.2,Clothing,Food,Home
C0372,13,11,2025-01-13T20:49:05,2025-03-21T15:14:14,-15,5.083333333333333,Food,Clothing,Home
C0493,12,11,2025-02-01T02:35:26,2025-03-20T15:02:27,-14,3.909090909090909,Home,Electronics,Clothing
C0208,7,7,2025-01-20T21:28:34,2025-03-19T10:01:19,-12,9.0,Accessories,Clothing,Home
C0350,11,11,2025-01-02T22:43:52,2025-03-27T03:28:22,-20,7.7,Clothing,Food,Home
C0346,12,11,2025-01-02T06:26:27,2025-03-23T16:25:07,-17,6.818181818181818,Clothing,Electronics,Accessories
C0343,10,9,2025-01-06T00:04:37,2025-03-17T13:36:37,-11,7.333333333333333,Clothing,Home,Electronics
C0120,11,11,2025-01-01T12:31:29,2025-03-30T00:46:25,-23,8.3,Clothing,Accessories,Home
C0520,12,11,2025-01-06T17:15:42,2025-03-14T10:21:54,-7,5.636363636363637,Food,Accessories,Electronics
C0812,10,9,2025-01-16T05:36:38,2025-03-29T01:30:33,-22,7.555555555555555,Food,Accessories,Electronics
C0857,11,10,2025-01-03T15:13:00,2025-03-04T02:21:54,3,5.5,Clothing,Accessories,Electronics
C0998,7,7,2025-01-04T01:37:02,2025-03-16T03:10:33,-9,11.333333333333334,Electronics,Accessories,Home
C0230,10,10,2025-01-14T09:36:20,2025-03-17T21:05:50,-11,6.333333333333333,Home,Clothing,Food
C0604,4,4,2025-01-09T03:57:08,2025-03-30T23:11:06,-24,26.333333333333332,Clothing,Home,
C0451,12,12,2025-01-22T03:49:52,2025-03-22T11:48:40,-15,4.909090909090909,Food,Clothing,Home
C0001,4,4,2025-01-10T11:43:46,2025-03-18T20:41:05,-12,22.0,Accessories,Clothing,
C0999,8,8,2025-01-06T14:19:38,2025-03-19T20:16:37,-13,9.857142857142858,Accessories,Food,Electronics
C0448,11,11,2025-01-08T10:58:23,2025-03-15T08:18:56,-8,6.1,Food,Electronics,Clothing
C0081,7,7,2025-01-10T23:53:07,2025-03-21T03:39:12,-14,11.0,Accessories,Clothing,Home
C0823,7,7,2025-01-01T21:49:22,2025-03-28T20:33:48,-22,13.833333333333334,Food,Accessories,Electronics
C0395,9,8,2025-02-08T02:44:58,2025-03-27T16:22:14,-21,5.375,Clothing,Home,Electronics
C0313,13,13,2025-01-18T10:10:03,2025-03-30T22:20:24,-24,5.416666666666667,Accessories,Home,Clothing
C0662,11,11,2025-01-08T04:27:48,2025-03-27T06:00:44,-20,7.2,Accessories,Food,Electronics
C0579,10,7,2025-01-02T09:54:09,2025-03-30T19:04:28,-24,9.333333333333334,Home,Accessories,Electronics
C0115,8,8,2025-01-06T01:26:01,2025-03-27T22:51:59,-21,11.0,Accessories,Food,Clothing
C0614,16,15,2025-01-10T16:37:51,2025-03-28T01:50:09,-21,4.6,Clothing,Accessories,Electronics
C0787,9,9,2025-01-26T15:48:40,2025-03-25T12:46:13,-19,6.75,Home,Food,Clothing
C0449,10,10,2025-01-04T17:09:39,2025-03-30T05:39:34,-23,8.88888888888889,Clothing,Food,Accessories
C0311,6,5,2025-01-02T15:24:12,2025-03-30T19:31:52,-24,16.8,Home,Clothing,Accessories
C0246,15,14,2025-01-01T05:11:53,2025-03-30T09:44:19,-23,5.857142857142857,Electronics,Clothing,Accessories
C0394,13,11,2025-01-14T19:00:12,2025-03-25T02:55:03,-18,5.333333333333333,Accessories,Home,Clothing
C0222,9,9,2025-01-01T01:53:09,2025-03-26T05:42:04,-19,10.0,Clothing,Accessories,Home
C0110,7,7,2025-01-20T09:32:21,2025-03-27T06:38:20,-20,10.333333333333334,Food,Accessories,Home
C0433,10,9,2025-01-18T22:10:54,2025-03-18T18:49:16,-12,6.222222222222222,Food,Accessories,Electronics
C0195,13,12,2025-01-10T05:55:33,2025-03-22T19:52:24,-16,5.416666666666667,Clothing,Accessories,Home
C0659,10,10,2025-02-11T01:19:59,2025-03-28T02:03:45,-21,4.555555555555555,Accessories,Home,Clothing
C0466,9,9,2025-01-07T08:30:41,2025-03-25T08:12:12,-18,9.0,Clothing,Electronics,Home
C0568,11,9,2025-01-17T22:40:07,2025-03-28T07:47:34,-21,6.5,Accessories,Clothing,Food
C0342,7,7,2025-01-02T12:17:59,2025-02-18T19:32:47,16,7.333333333333333,Electronics,Home,Clothing
C0066,10,9,2025-01-10T02:31:01,2025-03-28T22:41:03,-22,8.444444444444445,Accessories,Clothing,Electronics
C0939,9,9,2025-01-06T07:23:29,2025-03-27T17:58:37,-21,9.75,Food,Accessories,Home
C0500,13,13,2025-01-19T21:59:06,2025-03-30T03:54:27,-23,5.333333333333333,Accessories,Clothing,Food
C0206,5,5,2025-02-04T18:42:31,2025-03-03T15:30:11,3,6.5,Clothing,Accessories,Food
C0611,16,16,2025-01-06T01:49:30,2025-03-17T04:41:03,-10,4.266666666666667,Accessories,Clothing,Home
C0289,16,15,2025-01-07T21:07:52,2025-03-30T18:24:40,-24,5.0,Clothing,Home,Food
C0175,8,7,2025-01-02T14:33:47,2025-03-29T05:50:24,-22,11.714285714285714,Clothing,Food,Electronics
C0497,10,10,2025-01-06T05:01:53,2025-03-15T03:35:28,-8,7.0,Food,Home,Clothing
C0506,9,9,2025-01-07T17:32:04,2025-03-26T13:22:14,-20,9.5,Clothing,Accessories,Electronics
C0987,11,10,2025-01-08T17:26:03,2025-03-29T00:24:42,-22,7.3,Clothing,Accessories,Food
C0445,9,9,2025-01-04T15:13:59,2025-03-29T05:28:36,-22,10.0,Home,Food,Clothing
C0959,10,10,2025-01-12T20:59:27,2025-03-30T15:35:05,-24,8.0,Clothing,Accessories,Food
C0670,13,12,2025-02-17T01:31:47,2025-03-28T21:27:24,-22,2.75,Accessories,Home,Clothing
C0359,9,9,2025-01-06T12:45:37,2025-03-18T15:44:17,-12,8.375,Home,Accessories,Clothing
C0581,10,10,2025-01-05T10:47:49,2025-03-25T17:34:55,-19,8.333333333333334,Accessories,Food,Home
C0962,8,7,2025-01-05T13:03:42,2025-03-19T12:39:27,-13,9.857142857142858,Accessories,Home,Food
C0617,5,5,2025-01-10T05:59:30,2025-03-19T14:36:03,-13,16.5,Accessories,Home,Clothing
C0576,10,8,2025-01-05T13:17:43,2025-03-25T14:12:11,-19,8.222222222222221,Accessories,Clothing,Food
C0075,12,10,2025-01-02T19:08:20,2025-03-10T07:18:07,-3,5.545454545454546,Accessories,Clothing,Food
C0186,8,8,2025-01-17T22:37:47,2025-03-28T15:58:21,-22,9.285714285714286,Clothing,Accessories,Electronics
C0291,5,5,2025-01-08T04:31:21,2025-03-17T23:21:30,-11,16.5,Home,Food,Clothing
C0069,13,11,2025-01-17T00:58:46,2025-03-24T02:29:14,-17,4.916666666666667,Accessories,Food,Home
C0780,5,5,2025-01-07T10:53:56,2025-02-17T20:19:07,17,9.5,Food,Clothing,Electronics
C0646,11,11,2025-01-06T03:18:15,2025-03-30T02:09:48,-23,7.9,Electronics,Home,Food
C0505,11,10,2025-01-12T16:46:47,2025-03-25T00:58:47,-18,6.7,Accessories,Food,Clothing
C0509,6,6,2025-01-20T09:35:51,2025-03-09T16:09:34,-3,9.2,Home,Electronics,Accessories
C0025,9,9,2025-01-01T02:00:01,2025-03-29T05:36:46,-22,10.5,Home,Accessories,Food
C0534,12,12,2025-01-02T20:08:38,2025-03-29T19:53:54,-23,7.181818181818182,Accessories,Home,Electronics
C0688,14,12,2025-01-02T06:39:22,2025-03-25T06:15:57,-18,5.6923076923076925,Clothing,Accessories,Electronics
C0796,9,9,2025-01-04T23:07:45,2025-03-25T12:18:04,-19,9.375,Accessories,Clothing,Home
C0705,9,9,2025-01-26T18:26:21,2025-03-23T16:17:52,-17,6.5,Home,Food,Clothing
C0811,9,9,2025-01-02T20:31:48,2025-03-25T17:31:53,-19,9.75,Home,Food,Accessories
C0706,11,11,2025-01-05T14:49:06,2025-03-11T01:29:51,-4,6.0,Food,Clothing,Electronics
C0422,14,14,2025-01-05T22:00:33,2025-03-13T11:12:04,-6,4.615384615384615,Accessories,Electronics,Food
C0410,11,11,2025-01-02T22:02:37,2025-03-29T10:24:14,-22,8.1,Home,Accessories,Clothing
C0719,7,7,2025-01-10T00:06:11,2025-03-01T13:54:42,5,7.833333333333333,Accessories,Electronics,Clothing
C0363,9,9,2025-01-10T13:05:38,2025-03-14T15:20:27,-8,7.375,Accessories,Food,Home
C0814,6,6,2025-01-20T11:05:58,2025-03-21T22:23:44,-15,11.8,Accessories,Food,Home
C0608,5,5,2025-01-13T11:57:07,2025-03-24T23:18:08,-18,17.25,Clothing,Accessories,Food
C0080,9,9,2025-01-02T07:07:28,2025-03-27T15:36:20,-21,9.875,Clothing,Electronics,Home
C0367,10,10,2025-01-22T15:45:35,2025-02-24T02:39:44,11,3.111111111111111,Clothing,Food,Accessories
C0808,2,2,2025-01-09T07:48:16,2025-01-21T21:58:10,44,12.0,Accessories,,
C0141,11,11,2025-01-22T20:35:17,2025-03-17T11:02:51,-10,5.0,Food,Electronics,Accessories
C0708,12,11,2025-01-07T04:13:44,2025-03-27T11:50:55,-20,6.7272727272727275,Accessories,Clothing,Electronics
C0883,11,9,2025-01-10T13:20:17,2025-03-24T20:30:35,-18,6.8,Clothing,Food,Electronics
C0063,17,17,2025-01-04T09:03:18,2025-03-27T17:07:03,-21,4.75,Accessories,Electronics,Home
C0953,11,11,2025-01-02T13:11:52,2025-03-18T18:26:59,-12,6.9,Food,Electronics,Accessories
C0562,10,10,2025-01-03T11:44:42,2025-03-30T20:53:31,-24,9.11111111111111,Clothing,Food,Home
C0542,11,11,2025-01-06T17:45:39,2025-03-27T05:57:31,-20,7.4,Accessories,Food,Electronics
C0574,7,7,2025-01-03T11:43:23,2025-03-01T06:37:25,6,9.0,Accessories,Electronics,Food
C0038,10,10,2025-01-03T05:15:36,2025-03-29T06:36:44,-22,9.0,Electronics,Clothing,Food
C0675,12,12,2025-01-02T05:19:35,2025-02-28T22:21:03,6,4.636363636363637,Accessories,Clothing,Food
C0102,11,11,2025-01-03T14:34:57,2025-03-25T18:50:42,-19,7.6,Accessories,Food,Electronics
C0896,6,6,2025-01-10T20:33:25,2025-03-27T14:27:59,-21,14.8,Food,Electronics,Clothing
C0465,11,10,2025-01-08T17:27:22,2025-03-25T01:43:12,-18,6.9,Accessories,Home,Electronics
C0459,10,9,2025-01-03T09:55:20,2025-03-25T22:30:35,-19,8.666666666666666,Home,Accessories,Clothing
C0991,2,2,2025-01-14T06:18:14,2025-03-25T02:08:48,-18,69.0,Clothing,Home,
C0452,12,11,2025-01-05T01:58:49,2025-03-26T04:49:43,-19,6.818181818181818,Food,Accessories,Clothing
C0725,6,6,2025-01-18T06:11:57,2025-03-29T14:02:18,-23,13.4,Clothing,Accessories,Electronics
C0919,8,7,2025-01-19T07:39:52,2025-03-13T23:41:56,-7,7.142857142857143,Accessories,Clothing,Electronics
C0237,4,4,2025-02-01T00:06:07,2025-03-17T02:22:40,-10,14.0,Clothing,Food,Home
C0158,15,14,2025-01-05T04:11:06,2025-03-18T18:34:29,-12,4.571428571428571,Clothing,Food,Accessories
C0169,8,8,2025-01-14T14:27:42,2025-03-20T16:06:59,-14,8.857142857142858,Home,Clothing,Food
C0492,11,11,2025-01-04T20:41:25,2025-03-18T18:51:19,-12,6.8,Food,Electronics,Accessories
C0333,7,7,2025-01-23T10:01:52,2025-03-16T14:46:16,-10,8.0,Electronics,Home,Clothing
C0979,15,15,2025-01-03T20:23:23,2025-03-21T20:38:19,-15,4.928571428571429,Home,Accessories,Clothing
C0699,15,14,2025-01-01T13:04:14,2025-03-24T04:44:34,-17,5.428571428571429,Clothing,Home,Accessories
C0455,11,11,2025-01-04T01:23:45,2025-03-03T09:17:07,4,5.4,Accessories,Clothing,Food
C0521,10,8,2025-01-07T05:22:08,2025-03-30T11:09:16,-23,8.666666666666666,Home,Accessories,Food
C0798,9,8,2025-01-05T09:18:47,2025-03-24T06:18:57,-17,9.25,Food,Home,Electronics
C0093,9,9,2025-01-19T19:08:57,2025-03-19T08:15:26,-12,6.75,Clothing,Food,Home
C0450,8,8,2025-01-01T21:06:22,2025-03-22T05:17:28,-15,11.0,Food,Home,Accessories
C0138,11,11,2025-01-06T13:01:30,2025-03-23T23:31:48,-17,7.2,Home,Electronics,Food
C0148,8,7,2025-01-26T12:25:07,2025-03-24T15:48:01,-18,7.714285714285714,Accessories,Home,Clothing
C0917,14,14,2025-01-01T21:39:07,2025-03-25T20:28:47,-19,6.0,Home,Accessories,Electronics
C0071,9,9,2025-01-15T04:40:57,2025-03-25T17:09:49,-19,8.375,Clothing,Home,Accessories
C0382,10,10,2025-01-16T01:45:38,2025-03-27T02:16:31,-20,7.333333333333333,Home,Food,Accessories
C0133,12,12,2025-01-16T02:01:47,2025-03-26T12:26:07,-20,6.0,Accessories,Clothing,Food
C0597,8,8,2025-01-02T06:37:51,2025-03-10T04:17:28,-3,8.857142857142858,Accessories,Home,Clothing
C0975,12,12,2025-01-01T05:05:54,2025-02-20T04:51:12,15,4.0,Accessories,Clothing,Home
C0517,9,9,2025-01-15T19:39:32,2025-03-27T18:38:04,-21,8.375,Home,Electronics,Food
C0302,10,10,2025-01-01T11:12:25,2025-03-30T06:50:52,-23,9.222222222222221,Clothing,Accessories,Home
C0970,10,10,2025-01-11T04:30:54,2025-03-19T21:40:19,-13,7.0,Clothing,Accessories,Home
C0508,7,7,2025-01-30T19:56:34,2025-03-02T17:33:29,4,4.666666666666667,Clothing,Accessories,Food
C0805,12,11,2025-01-03T19:19:30,2025-03-29T17:39:42,-23,7.181818181818182,Home,Food,Clothing
C0748,12,12,2025-01-14T04:53:27,2025-03-28T13:40:15,-22,6.090909090909091,Food,Clothing,Electronics
C0867,9,9,2025-01-02T05:29:50,2025-03-22T11:10:56,-15,9.375,Clothing,Home,Food
C0434,9,9,2025-01-01T18:57:09,2025-03-17T00:30:54,-10,8.75,Food,Clothing,Home
C0162,10,10,2025-01-06T09:38:13,2025-03-20T01:10:31,-13,7.666666666666667,Home,Clothing,Accessories
C0055,11,11,2025-01-07T14:44:01,2025-03-02T06:30:40,5,4.9,Accessories,Clothing,Food
C0566,9,9,2025-01-09T06:36:14,2025-03-29T13:53:34,-23,9.5,Accessories,Home,Clothing
C0655,4,4,2025-01-02T06:09:29,2025-03-21T10:34:10,-14,25.333333333333332,Home,Clothing,Accessories
C0565,8,8,2025-01-03T12:53:58,2025-03-24T16:42:43,-18,11.0,Home,Food,Accessories
C0711,9,9,2025-01-14T07:38:06,2025-03-21T05:36:21,-14,7.625,Accessories,Food,Home
C0039,14,13,2025-01-10T10:29:14,2025-03-29T20:05:18,-23,5.461538461538462,Electronics,Accessories,Home
C0549,11,11,2025-01-02T03:16:57,2025-02-22T16:47:40,12,4.6,Clothing,Accessories,Home
C0921,6,6,2025-01-05T01:09:11,2025-02-26T00:16:32,9,10.0,Food,Accessories,Electronics
C0271,10,10,2025-01-03T12:01:46,2025-03-24T22:25:55,-18,8.222222222222221,Accessories,Food,Home
C0495,10,10,2025-01-04T14:36:48,2025-03-28T14:24:16,-22,8.88888888888889,Clothing,Accessories,Home
C0199,10,10,2025-01-03T14:04:02,2025-03-29T20:32:05,-23,8.88888888888889,Accessories,Home,Clothing
C0757,7,7,2025-02-01T18:17:20,2025-03-26T01:53:53,-19,8.333333333333334,Food,Home,Electronics
C0118,10,10,2025-01-06T14:05:15,2025-03-16T16:04:29,-10,7.111111111111111,Electronics,Accessories,Food
C0552,8,8,2025-01-01T21:33:14,2025-03-28T05:34:43,-21,11.571428571428571,Home,Food,Clothing
C0357,13,11,2025-01-07T06:20:05,2025-03-27T15:45:03,-21,6.166666666666667,Food,Clothing,Accessories
C0860,10,10,2025-01-10T08:37:16,2025-03-22T15:09:02,-16,7.444444444444445,Electronics,Clothing,Food
C0631,12,12,2025-01-01T17:41:04,2025-03-22T07:43:41,-15,6.818181818181818,Home,Electronics,Food
C0385,12,12,2025-01-02T09:49:56,2025-03-30T07:17:23,-23,7.454545454545454,Home,Accessories,Clothing
C0003,6,6,2025-01-05T08:58:49,2025-03-16T08:01:29,-9,13.6,Home,Clothing,Electronics
C0100,5,5,2025-01-08T09:49:08,2025-03-06T06:22:55,1,13.75,Home,Accessories,Food
C0947,9,9,2025-01-04T12:06:35,2025-03-02T08:30:15,5,6.625,Home,Accessories,Clothing
C0657,9,9,2025-01-05T20:42:25,2025-03-30T04:10:59,-23,10.0,Home,Clothing,Accessories
C0062,14,13,2025-01-21T20:08:04,2025-03-11T15:39:50,-5,3.230769230769231,Clothing,Food,Home
C0689,8,8,2025-01-25T05:43:26,2025-03-19T20:25:28,-13,7.0,Accessories,Home,Food
C0296,6,6,2025-01-01T23:32:43,2025-03-05T14:29:04,1,12.0,Home,Food,Electronics
C0015,7,7,2025-01-04T22:05:25,2025-02-27T23:29:22,7,8.5,Home,Clothing,Food
C0707,10,10,2025-01-03T06:30:22,2025-03-30T18:29:36,-24,9.0,Clothing,Accessories,Food
C0143,9,9,2025-01-04T01:54:24,2025-03-16T17:30:21,-10,8.25,Food,Home,Accessories
C0233,7,6,2025-01-08T15:36:33,2025-03-21T10:28:15,-14,11.5,Food,Accessories,Electronics
C0468,3,3,2025-01-09T08:16:07,2025-02-05T22:20:09,29,13.5,Food,Home,
C0800,9,9,2025-01-04T12:10:35,2025-03-28T19:33:44,-22,9.875,Accessories,Food,Home
C0663,6,6,2025-01-03T05:28:35,2025-03-22T14:53:47,-16,15.2,Clothing,Accessories,Electronics
C0092,7,7,2025-01-17T22:03:55,2025-03-29T20:50:39,-23,11.333333333333334,Food,Accessories,Clothing
C0276,11,11,2025-01-07T22:07:21,2025-03-23T14:38:57,-17,6.9,Accessories,Home,Clothing
C0934,12,9,2025-01-11T11:04:30,2025-03-27T23:55:28,-21,6.454545454545454,Home,Accessories,Electronics
C0596,7,7,2025-01-31T09:55:57,2025-03-27T10:13:58,-20,8.666666666666666,Home,Electronics,Food
C0526,7,7,2025-01-21T20:10:30,2025-03-22T22:58:19,-16,9.5,Electronics,Clothing,Food
C0253,11,11,2025-01-24T07:34:41,2025-03-28T23:23:35,-22,6.0,Home,Accessories,Electronics
C0139,13,12,2025-01-05T01:07:36,2025-03-25T15:54:08,-19,6.166666666666667,Home,Clothing,Accessories
C0161,7,7,2025-01-22T14:59:45,2025-03-23T06:23:43,-16,9.666666666666666,Accessories,Home,Food
C0673,5,4,2025-01-05T02:28:37,2025-03-10T10:23:37,-3,15.75,Accessories,Clothing,
C0396,4,4,2025-02-01T07:55:12,2025-03-07T11:05:55,0,11.0,Electronics,Food,
C0928,6,6,2025-01-04T06:03:37,2025-03-28T07:59:13,-21,16.2,Accessories,Home,Food
C0866,13,13,2025-01-02T22:06:34,2025-03-26T22:53:07,-20,6.5,Clothing,Accessories,Food
C0819,8,8,2025-01-02T08:25:47,2025-03-19T11:37:10,-12,10.571428571428571,Accessories,Home,Clothing
C0802,8,7,2025-01-15T13:30:57,2025-03-24T12:17:54,-18,9.142857142857142,Clothing,Home,Accessories
C0105,7,7,2025-01-09T01:13:36,2025-03-30T18:46:12,-24,12.833333333333334,Accessories,Home,Clothing
C0479,11,10,2025-01-09T05:42:54,2025-03-20T17:16:30,-14,6.6,Electronics,Home,Accessories
C0491,10,8,2025-01-01T08:19:03,2025-03-28T09:30:07,-21,9.11111111111111,Home,Accessories,Electronics
C0339,12,12,2025-01-06T18:05:43,2025-03-26T00:53:33,-19,6.7272727272727275,Accessories,Clothing,Food
C0193,5,5,2025-01-15T15:11:47,2025-03-12T11:46:58,-5,13.5,Accessories,Clothing,Electronics
C0536,9,9,2025-01-14T01:31:13,2025-03-28T12:37:46,-22,8.625,Accessories,Food,Clothing
C0235,10,10,2025-01-12T16:58:22,2025-03-30T13:07:01,-24,8.0,Clothing,Home,Electronics
C0577,8,8,2025-01-18T04:41:53,2025-03-23T22:34:36,-17,8.857142857142858,Clothing,Accessories,Food
C0167,10,10,2025-01-05T05:40:03,2025-03-25T11:20:05,-18,8.222222222222221,Home,Food,Accessories
C0489,11,8,2025-01-01T11:34:40,2025-03-25T17:40:00,-19,7.9,Clothing,Home,Accessories
C0300,5,5,2025-01-22T01:17:28,2025-03-25T19:25:35,-19,15.0,Accessories,Clothing,Food
C0601,8,8,2025-01-01T04:32:42,2025-03-27T11:36:43,-20,11.857142857142858,Clothing,Food,Home
C0649,9,8,2025-01-11T16:42:04,2025-03-30T03:00:37,-23,9.25,Clothing,Food,Accessories
C0250,14,14,2025-01-05T08:40:44,2025-03-30T03:19:54,-23,5.923076923076923,Home,Accessories,Food
C0061,5,5,2025-01-02T00:18:14,2025-03-12T06:28:58,-5,16.5,Clothing,Accessories,Food
C0850,8,8,2025-01-17T21:03:42,2025-03-22T03:14:55,-15,8.428571428571429,Clothing,Food,Home
C0338,14,14,2025-01-11T02:04:56,2025-03-21T09:09:30,-14,4.6923076923076925,Food,Clothing,Accessories
C0464,8,8,2025-01-03T14:49:22,2025-02-17T09:14:43,18,5.857142857142857,Clothing,Home,Accessories
C0976,9,9,2025-01-30T23:33:02,2025-03-29T06:18:58,-22,6.625,Electronics,Food,Clothing
C0370,8,8,2025-01-29T21:18:22,2025-03-26T01:50:47,-19,7.571428571428571,Home,Clothing,Accessories
C0881,6,6,2025-01-27T18:09:04,2025-03-27T09:57:41,-20,11.2,Electronics,Food,Home
C0232,9,8,2025-01-04T00:31:11,2025-03-13T05:35:17,-6,8.125,Accessories,Electronics,Clothing
C0902,10,8,2025-01-04T13:30:10,2025-03-15T23:43:53,-9,7.555555555555555,Accessories,Clothing,Electronics
C0436,12,11,2025-01-06T21:07:55,2025-03-10T04:01:09,-3,5.090909090909091,Accessories,Food,Home
C0002,14,13,2025-01-05T21:02:52,2025-03-22T12:09:11,-15,5.3076923076923075,Clothing,Accessories,Food
C0930,9,8,2025-01-02T05:57:39,2025-03-29T21:52:37,-23,10.375,Clothing,Home,Accessories
C0957,7,7,2025-01-08T17:36:39,2025-03-19T01:50:05,-12,11.166666666666666,Clothing,Food,Electronics
C0480,5,5,2025-01-21T18:14:33,2025-03-11T16:32:52,-5,11.75,Clothing,Electronics,Accessories
C0231,13,13,2025-01-05T06:49:36,2025-03-24T14:44:53,-18,5.916666666666667,Accessories,Home,Food
C0212,10,10,2025-01-02T15:18:16,2025-03-24T08:35:17,-17,8.444444444444445,Home,Accessories,Electronics
C0774,7,7,2025-01-21T12:50:07,2025-03-30T14:30:26,-24,10.833333333333334,Electronics,Clothing,Accessories
C0779,8,7,2025-01-03T17:15:02,2025-03-17T02:07:00,-10,9.714285714285714,Electronics,Accessories,Clothing
C0456,9,8,2025-01-16T09:06:38,2025-03-27T11:04:42,-20,8.125,Food,Accessories,Home
C0155,9,9,2025-01-06T23:02:19,2025-03-29T04:35:10,-22,9.625,Electronics,Clothing,Food
C0498,10,10,2025-01-02T04:59:43,2025-03-30T16:39:03,-24,9.333333333333334,Electronics,Accessories,Clothing
C0782,14,14,2025-01-05T21:40:35,2025-03-28T14:53:21,-22,5.923076923076923,Clothing,Electronics,Food
C0099,5,5,2025-01-23T17:04:50,2025-02-25T22:34:59,9,7.75,Electronics,Clothing,
C0254,7,6,2025-01-16T04:37:50,2025-03-17T03:41:39,-10,9.333333333333334,Electronics,Food,Clothing
C0570,10,9,2025-01-17T11:18:55,2025-03-29T10:09:31,-22,7.444444444444445,Accessories,Electronics,Food
C0511,8,6,2025-01-03T04:57:11,2025-03-29T20:10:48,-23,11.714285714285714,Clothing,Accessories,Home
C0903,10,10,2025-01-09T10:13:52,2025-03-05T18:05:49,1,5.666666666666667,Food,Accessories,Clothing
C0320,7,7,2025-01-02T21:13:54,2025-03-05T20:25:48,1,9.833333333333334,Food,Clothing,Home
C0019,6,6,2025-01-17T18:05:58,2025-03-28T05:00:05,-21,13.4,Clothing,Home,Food
C0724,10,10,2025-01-27T22:21:34,2025-03-21T13:45:27,-15,5.222222222222222,Accessories,Food,Electronics
C0005,9,8,2025-01-04T07:29:56,2025-03-16T13:48:56,-10,8.375,Accessories,Home,Clothing
C0599,11,11,2025-01-01T22:07:59,2025-03-27T07:53:57,-20,8.1,Accessories,Clothing,Food
C0632,8,7,2025-01-22T06:23:14,2025-03-19T13:14:31,-13,7.571428571428571,Home,Accessories,Clothing
C0710,13,12,2025-01-06T00:37:33,2025-03-22T07:21:43,-15,5.75,Clothing,Food,Accessories
C0458,5,5,2025-02-03T21:58:46,2025-02-26T01:39:00,9,4.75,Electronics,Home,Food
C0628,9,9,2025-02-18T04:19:56,2025-03-30T23:42:18,-24,4.625,Clothing,Accessories,Food
C0944,9,9,2025-01-04T22:19:09,2025-03-06T13:16:23,0,7.0,Clothing,Electronics,Accessories
C0406,13,12,2025-01-05T00:40:32,2025-03-30T08:46:01,-23,6.583333333333333,Accessories,Home,Clothing
C0091,5,5,2025-01-08T23:58:02,2025-03-20T06:50:12,-13,17.25,Food,Accessories,Home
C0834,10,10,2025-01-08T16:05:03,2025-03-18T21:59:53,-12,7.222222222222222,Clothing,Food,Home
C0951,8,8,2025-01-04T12:09:37,2025-03-29T10:43:53,-22,11.571428571428571,Clothing,Accessories,Home
C0992,11,11,2025-01-08T20:27:07,2025-03-28T11:12:02,-21,7.3,Home,Electronics,Accessories
C0795,11,10,2025-01-02T16:33:21,2025-03-22T09:39:54,-15,7.5,Clothing,Home,Accessories
C0949,12,10,2025-01-06T08:55:47,2025-03-23T17:14:20,-17,6.545454545454546,Home,Food,Accessories
C0485,6,6,2025-01-12T15:52:36,2025-03-05T21:01:48,1,10.0,Home,Electronics,Accessories
C0045,8,8,2025-01-02T10:20:13,2025-03-30T19:06:43,-24,11.857142857142858,Accessories,Electronics,Food
C0119,10,9,2025-01-01T23:10:22,2025-03-23T15:04:57,-17,8.666666666666666,Clothing,Food,Home
C0843,7,7,2025-01-01T06:05:26,2025-03-25T20:08:11,-19,13.5,Home,Clothing,Accessories
C0539,17,15,2025-01-10T13:49:10,2025-03-28T11:51:38,-21,4.25,Clothing,Food,Electronics
C0527,7,6,2025-01-20T20:27:48,2025-03-13T20:17:51,-7,8.333333333333334,Home,Accessories,Food
C0642,7,7,2025-02-08T07:11:39,2025-03-25T20:03:18,-19,7.166666666666667,Accessories,Home,Electronics
C0717,4,4,2025-01-03T17:05:29,2025-03-28T15:24:19,-22,27.666666666666668,Electronics,Home,Food
C0011,10,10,2025-01-03T01:56:55,2025-03-15T09:41:36,-8,7.444444444444445,Clothing,Electronics,Home
C0046,7,7,2025-01-06T00:27:21,2025-03-29T02:51:46,-22,13.166666666666666,Home,Clothing,Accessories
C0640,8,7,2025-01-15T10:20:14,2025-03-12T21:24:03,-6,7.571428571428571,Clothing,Home,Food
C0280,6,6,2025-02-08T11:08:18,2025-03-15T15:53:36,-9,6.8,Clothing,Home,Accessories
C0773,11,10,2025-01-03T12:33:14,2025-03-28T14:30:30,-22,8.0,Electronics,Home,Food
C0698,5,5,2025-01-11T04:08:56,2025-03-18T23:30:27,-12,16.0,Home,Electronics,
C0245,12,9,2025-02-04T08:24:13,2025-03-30T04:59:07,-23,4.363636363636363,Accessories,Electronics,Home
C0522,10,10,2025-01-07T17:04:24,2025-03-29T14:52:59,-23,8.666666666666666,Accessories,Home,Food
C0176,6,6,2025-01-05T19:30:46,2025-03-05T23:45:14,1,11.2,Food,Accessories,Home
C0856,11,10,2025-01-06T01:19:46,2025-03-29T23:00:45,-23,7.7,Home,Accessories,Electronics
C0840,3,3,2025-01-19T11:43:30,2025-03-18T11:37:12,-11,28.5,Accessories,,
C0127,8,8,2025-01-31T18:51:00,2025-03-24T14:13:59,-18,6.857142857142857,Home,Food,Clothing
C0863,6,6,2025-01-11T18:12:01,2025-03-30T10:25:07,-23,15.0,Home,Accessories,Electronics
C0735,12,12,2025-01-20T19:10:48,2025-03-22T08:47:06,-15,4.909090909090909,Food,Electronics,Home
C0101,6,6,2025-01-08T01:04:25,2025-03-17T05:13:10,-10,13.4,Accessories,Food,
C0580,12,10,2025-01-05T00:19:53,2025-03-27T08:45:00,-20,7.0,Home,Clothing,Accessories
C0474,15,15,2025-01-07T18:44:25,2025-03-25T17:56:57,-19,5.0,Clothing,Accessories,Food
C0799,12,11,2025-01-07T16:00:41,2025-03-30T21:11:08,-24,6.909090909090909,Electronics,Accessories,Home
C0307,10,8,2025-01-06T14:32:51,2025-03-17T04:39:35,-10,7.111111111111111,Accessories,Clothing,Food
C0146,15,12,2025-01-03T04:39:28,2025-03-29T18:17:31,-23,5.5,Clothing,Accessories,Food
C0653,5,5,2025-01-03T22:26:54,2025-03-08T06:53:34,-1,15.25,Accessories,Food,
C0996,12,12,2025-01-10T22:13:03,2025-03-14T08:34:21,-7,5.181818181818182,Clothing,Home,Accessories
C0641,8,8,2025-01-05T03:59:18,2025-03-17T21:54:34,-11,9.714285714285714,Accessories,Home,Clothing
C0033,9,9,2025-01-12T22:41:16,2025-03-16T18:14:52,-10,7.375,Home,Clothing,Food
C0872,10,9,2025-01-12T16:33:04,2025-03-30T02:23:38,-23,8.222222222222221,Accessories,Home,Food
C0680,8,7,2025-01-13T20:21:04,2025-03-19T13:53:46,-13,8.857142857142858,Home,Food,Clothing
C0131,14,14,2025-01-01T22:21:44,2025-03-28T22:23:35,-22,6.230769230769231,Clothing,Accessories,Home
C0044,7,7,2025-01-01T21:33:14,2025-03-21T04:47:30,-14,12.333333333333334,Accessories,Clothing,Electronics
C0050,8,8,2025-01-02T00:40:06,2025-03-25T00:34:13,-18,11.285714285714286,Clothing,Food,Home
C0147,10,10,2025-01-01T23:07:10,2025-03-28T20:14:31,-22,9.0,Home,Food,Clothing
C0378,9,9,2025-01-03T04:15:42,2025-03-16T06:28:22,-9,8.5,Clothing,Accessories,Food
C0298,13,12,2025-01-02T18:58:20,2025-03-25T04:11:56,-18,6.333333333333333,Clothing,Electronics,Food
C0435,7,7,2025-01-01T15:34:09,2025-03-30T19:36:06,-24,14.166666666666666,Home,Food,Accessories
C0042,12,11,2025-01-02T14:34:20,2025-03-28T19:14:07,-22,7.363636363636363,Home,Electronics,Clothing
C0908,4,4,2025-01-18T23:22:16,2025-03-13T02:49:12,-6,17.333333333333332,Food,Home,
C0079,7,7,2025-01-05T22:18:17,2025-03-22T18:39:07,-16,12.166666666666666,Clothing,Home,Accessories
C0305,14,11,2025-01-04T22:40:25,2025-03-23T20:18:51,-17,5.538461538461538,Accessories,Food,Home
C0997,9,9,2025-01-20T15:02:09,2025-03-28T13:18:02,-22,8.0,Clothing,Food,Electronics
C0228,7,7,2025-02-15T13:09:52,2025-03-21T19:36:28,-15,5.166666666666667,Home,Clothing,Accessories
C0569,9,8,2025-01-03T10:42:58,2025-03-25T08:26:58,-18,9.5,Clothing,Home,Electronics
C0303,10,10,2025-01-11T04:57:52,2025-03-18T13:56:04,-12,6.888888888888889,Accessories,Electronics,Home
C0145,12,11,2025-01-03T00:18:30,2025-03-28T10:40:19,-21,7.2727272727272725,Clothing,Accessories,Home
C0589,9,9,2025-01-11T16:16:46,2025-03-25T01:41:54,-18,8.625,Food,Clothing,Accessories
C0004,10,9,2025-01-14T13:20:27,2025-03-20T15:19:59,-14,6.777777777777778,Clothing,Food,Accessories
C0137,5,5,2025-01-08T21:44:16,2025-03-30T09:14:05,-23,19.5,Accessories,Food,Clothing
C0918,6,6,2025-01-06T04:35:09,2025-03-11T00:31:39,-4,12.2,Clothing,Food,
C0909,10,9,2025-01-08T12:59:50,2025-03-30T17:46:52,-24,8.444444444444445,Clothing,Accessories,Home
C0586,11,11,2025-02-14T01:52:25,2025-03-28T00:22:56,-21,3.8,Accessories,Electronics,Clothing
C0573,9,9,2025-01-01T05:07:07,2025-03-21T23:31:35,-15,9.625,Food,Clothing,Electronics
C0392,9,9,2025-01-17T01:12:38,2025-03-25T20:46:51,-19,8.0,Accessories,Clothing,Electronics
C0242,9,9,2025-01-04T18:00:34,2025-03-18T14:11:49,-12,8.625,Clothing,Home,Food
C0279,11,11,2025-01-06T00:53:26,2025-03-24T11:19:35,-17,7.3,Accessories,Clothing,Food
C0684,14,12,2025-01-05T18:11:35,2025-03-26T21:35:01,-20,5.538461538461538,Clothing,Accessories,Home
C0676,13,11,2025-01-10T05:29:48,2025-03-17T03:51:03,-10,5.0,Food,Clothing,Home
C0898,5,5,2025-01-04T00:06:05,2025-03-16T13:19:08,-10,17.25,Clothing,Home,Food
C0645,14,13,2025-01-05T19:49:38,2025-03-19T07:52:46,-12,5.0,Home,Accessories,Food
C0054,7,6,2025-01-12T23:39:08,2025-03-28T01:26:15,-21,12.0,Home,Clothing,Accessories
C0164,13,12,2025-01-03T06:08:12,2025-03-21T14:48:14,-15,6.0,Food,Home,Accessories
C0510,14,12,2025-01-02T16:54:38,2025-03-30T19:34:31,-24,6.230769230769231,Clothing,Electronics,Home
C0620,7,7,2025-01-23T08:42:05,2025-03-28T03:49:57,-21,10.0,Clothing,Home,
C0818,12,12,2025-01-01T20:14:55,2025-03-07T23:20:20,-1,5.454545454545454,Home,Food,Clothing
C0590,7,6,2025-01-02T22:49:25,2025-03-29T23:17:49,-23,13.833333333333334,Clothing,Electronics,Home
C0878,13,12,2025-01-09T17:42:55,2025-03-27T04:09:21,-20,5.916666666666667,Food,Accessories,Clothing
C0793,6,6,2025-02-03T10:05:49,2025-03-26T20:04:13,-20,10.0,Food,Home,Clothing
C0613,10,10,2025-01-02T11:12:16,2025-03-15T16:36:44,-9,7.555555555555555,Home,Accessories,Electronics
C0785,12,11,2025-01-28T21:27:16,2025-03-27T05:28:51,-20,4.7272727272727275,Electronics,Accessories,Food
C0652,14,12,2025-01-03T05:41:23,2025-03-27T10:45:13,-20,5.923076923076923,Clothing,Accessories,Food
C0639,9,9,2025-01-01T16:41:09,2025-03-25T12:57:43,-19,9.875,Food,Clothing,Home
C0058,9,9,2025-01-09T21:51:01,2025-03-20T15:00:37,-14,8.375,Clothing,Accessories,Home
C0304,7,7,2025-01-19T00:20:21,2025-03-27T20:02:59,-21,11.0,Home,Clothing,Food
C0619,5,5,2025-01-20T13:35:21,2025-03-27T04:37:50,-20,15.75,Home,Clothing,Food
C0168,9,8,2025-01-02T17:54:44,2025-03-27T20:41:35,-21,9.875,Food,Home,Clothing
C0126,11,10,2025-01-01T16:42:41,2025-03-03T22:46:56,3,5.7,Accessories,Food,Clothing
C0548,8,8,2025-01-27T03:14:50,2025-02-28T17:03:55,6,4.142857142857143,Home,Accessories,Food
C0414,5,5,2025-01-10T12:44:10,2025-03-19T22:23:56,-13,16.25,Accessories,Electronics,Clothing
C0122,9,9,2025-01-02T00:56:42,2025-03-19T05:52:49,-12,9.0,Electronics,Accessories,Home
C0753,13,12,2025-01-11T19:43:53,2025-03-29T15:22:41,-23,5.916666666666667,Accessories,Home,Food
C0943,8,8,2025-01-13T00:54:04,2025-03-22T05:36:01,-15,9.285714285714286,Home,Clothing,Accessories
C0890,11,10,2025-01-07T04:45:55,2025-03-22T03:16:12,-15,7.0,Food,Accessories,Home
C0575,11,11,2025-01-20T23:42:26,2025-03-20T21:36:22,-14,5.4,Clothing,Accessories,Electronics
C0880,9,9,2025-01-29T12:34:05,2025-03-17T07:53:41,-10,5.375,Home,Clothing,Food
C0467,12,11,2025-01-02T03:53:17,2025-03-27T11:27:09,-20,7.090909090909091,Home,Clothing,Food
C0014,8,8,2025-01-06T07:55:11,2025-03-10T03:18:25,-3,8.285714285714286,Accessories,Clothing,Electronics
C0082,9,9,2025-01-11T22:40:51,2025-03-26T15:11:23,-20,8.75,Accessories,Clothing,Home
C0885,13,11,2025-01-02T17:11:42,2025-03-21T15:46:42,-15,6.0,Accessories,Electronics,Home
C0625,9,9,2025-01-04T19:04:26,2025-03-05T19:44:43,1,6.875,Home,Accessories,Food
C0732,2,2,2025-01-29T08:18:15,2025-02-27T14:56:31,7,29.0,Accessories,,
C0016,13,12,2025-01-05T22:24:21,2025-03-29T02:03:49,-22,6.416666666666667,Electronics,Home,Food
C0977,4,4,2025-01-11T21:37:01,2025-03-02T11:33:10,5,16.0,Food,Accessories,Clothing
C0741,14,13,2025-01-11T18:54:47,2025-03-24T23:14:25,-18,5.0,Food,Accessories,Clothing
C0712,6,6,2025-02-07T14:40:35,2025-03-23T05:26:23,-16,8.2,Electronics,Accessories,Clothing
C0733,11,10,2025-01-28T04:53:49,2025-03-20T01:55:42,-13,4.5,Home,Accessories,Food
C0766,7,7,2025-01-13T12:46:40,2025-02-21T17:08:05,13,6.0,Accessories,Food,Home
C0871,9,9,2025-01-08T02:08:04,2025-03-29T06:24:45,-22,9.625,Food,Home,Clothing
C0020,11,9,2025-01-17T22:01:01,2025-03-25T21:09:09,-19,6.2,Electronics,Clothing,Food
C0154,6,6,2025-01-09T07:09:28,2025-03-18T19:05:46,-12,13.4,Accessories,Food,
C0980,14,13,2025-01-05T07:58:24,2025-03-13T02:31:12,-6,4.615384615384615,Clothing,Accessories,Food
C0217,9,8,2025-01-09T02:06:01,2025-03-28T08:11:13,-21,9.25,Food,Accessories,Home
C0693,6,6,2025-01-08T14:58:19,2025-03-26T09:52:20,-19,14.8,Clothing,Home,Food
C0873,9,9,2025-01-16T12:41:29,2025-03-27T21:43:01,-21,8.25,Food,Clothing,Accessories
C0413,13,13,2025-01-04T21:32:33,2025-03-29T19:52:44,-23,6.5,Home,Clothing,Accessories
C0752,13,13,2025-01-08T07:17:07,2025-03-23T06:59:38,-16,5.583333333333333,Accessories,Home,Electronics
C0743,7,7,2025-01-10T18:14:08,2025-03-29T09:03:32,-22,12.5,Home,Accessories,Clothing
C0832,10,10,2025-01-03T13:12:38,2025-03-22T13:48:44,-16,8.333333333333334,Accessories,Electronics,Clothing
C0864,6,6,2025-02-08T00:17:59,2025-03-21T07:59:12,-14,7.8,Accessories,Clothing,Home
C0587,14,14,2025-01-01T00:49:45,2025-03-22T16:40:45,-16,5.615384615384615,Food,Home,Accessories
C0849,8,7,2025-01-03T01:11:59,2025-03-27T09:21:13,-20,11.285714285714286,Accessories,Food,Electronics
C0490,9,8,2025-01-20T11:36:16,2025-03-17T05:08:40,-10,6.5,Home,Clothing,Food
C0487,7,7,2025-01-14T14:17:51,2025-03-16T15:51:59,-10,9.666666666666666,Home,Electronics,Food
C0714,8,8,2025-01-17T02:55:40,2025-03-22T01:46:52,-15,8.714285714285714,Food,Accessories,Home
C0036,9,9,2025-01-09T02:49:15,2025-03-28T03:00:12,-21,9.25,Home,Food,Clothing
C0249,5,5,2025-02-02T00:53:53,2025-03-10T03:51:32,-3,8.75,Clothing,Electronics,Home
C0606,14,13,2025-01-09T14:49:20,2025-03-28T18:23:09,-22,5.461538461538462,Food,Clothing,Electronics
C0259,9,9,2025-01-02T02:30:15,2025-03-15T08:27:11,-8,8.5,Accessories,Food,Clothing
C0218,7,7,2025-01-21T04:51:43,2025-03-11T18:20:07,-5,7.833333333333333,Accessories,Clothing,Electronics
C0386,8,8,2025-01-01T15:22:03,2025-03-28T22:45:51,-22,11.857142857142858,Food,Clothing,Accessories
C0592,11,10,2025-01-04T01:15:17,2025-03-30T18:27:03,-24,8.2,Accessories,Home,Clothing
C0472,6,6,2025-01-16T18:06:22,2025-03-08T05:22:14,-1,9.6,Home,Electronics,Food
C0734,10,10,2025-01-01T22:58:05,2025-03-29T19:16:31,-23,9.0,Accessories,Clothing,Food
C0988,7,7,2025-01-07T09:33:16,2025-03-13T19:52:32,-7,10.5,Accessories,Clothing,Food
C0153,11,11,2025-01-02T06:14:16,2025-03-26T01:25:20,-19,7.8,Food,Accessories,Clothing
C0788,8,8,2025-01-08T20:18:04,2025-03-10T01:40:30,-3,8.0,Food,Accessories,Electronics
C0326,6,6,2025-01-11T17:56:23,2025-03-28T05:20:01,-21,14.6,Clothing,Accessories,Food
C0954,8,8,2025-01-27T14:59:24,2025-03-30T16:12:43,-24,8.428571428571429,Accessories,Food,Home
C0784,9,9,2025-01-08T16:49:05,2025-03-24T18:51:19,-18,8.625,Food,Electronics,Home
C0275,8,8,2025-01-08T08:43:40,2025-03-19T05:53:09,-12,9.428571428571429,Clothing,Accessories,Home
C0888,8,8,2025-01-02T22:58:12,2025-03-11T19:39:58,-5,9.142857142857142,Home,Food,Accessories
C0056,8,8,2025-01-01T06:47:32,2025-03-30T05:52:28,-23,12.142857142857142,Accessories,Home,Electronics
C0927,6,6,2025-01-02T09:02:04,2025-03-26T13:37:50,-20,16.0,Clothing,Home,Food
C0626,13,12,2025-01-07T04:59:51,2025-03-18T22:49:36,-12,5.25,Electronics,Clothing,Accessories
C0389,11,10,2025-01-29T09:39:32,2025-03-27T16:52:29,-21,5.3,Home,Accessories,Clothing
C0685,7,7,2025-01-17T23:51:48,2025-03-20T00:01:42,-13,9.833333333333334,Food,Accessories,Clothing
C0097,9,9,2025-01-10T00:07:45,2025-03-30T02:07:21,-23,9.375,Food,Home,Electronics
C0409,7,7,2025-01-10T10:16:41,2025-03-26T15:55:13,-20,12.0,Food,Accessories,Electronics
C0469,6,6,2025-01-14T04:40:12,2025-03-15T20:51:30,-9,11.6,Accessories,Home,Clothing
C0692,8,7,2025-01-04T06:41:17,2025-03-26T11:20:19,-19,11.285714285714286,Home,Accessories,Electronics
C0329,5,4,2025-01-10T21:27:27,2025-03-22T17:07:39,-16,17.25,Accessories,Home,
C0790,7,7,2025-01-08T00:40:16,2025-03-22T15:40:14,-16,11.833333333333334,Accessories,Electronics,Home
C0053,4,4,2025-01-10T05:54:10,2025-03-29T19:49:13,-23,25.666666666666668,Home,Accessories,
C0861,10,10,2025-01-08T21:06:21,2025-03-26T17:30:00,-20,8.11111111111111,Food,Accessories,Clothing
C0135,9,9,2025-01-02T23:35:29,2025-03-24T01:51:22,-17,9.625,Accessories,Clothing,Home
C0715,12,12,2025-01-01T07:57:57,2025-03-22T20:17:27,-16,6.909090909090909,Clothing,Accessories,Food
C0255,6,6,2025-01-16T12:58:20,2025-03-12T02:00:00,-5,10.2,Clothing,Food,Home
C0369,8,8,2025-01-10T02:57:58,2025-03-19T16:46:05,-13,9.571428571428571,Electronics,Clothing,Home
C0551,7,7,2025-02-17T06:07:16,2025-03-25T20:54:10,-19,5.666666666666667,Accessories,Clothing,Electronics
C0432,10,10,2025-01-08T12:44:19,2025-03-24T05:34:32,-17,7.777777777777778,Accessories,Electronics,Home
C0852,6,6,2025-01-17T03:09:02,2025-03-24T18:00:52,-18,13.0,Accessories,Home,Clothing
C0201,9,9,2025-01-10T12:10:27,2025-03-16T13:03:50,-10,7.5,Clothing,Electronics,Home
C0777,10,10,2025-01-05T01:20:34,2025-03-17T04:07:23,-10,7.444444444444445,Clothing,Home,Accessories
C0584,6,6,2025-01-02T20:24:27,2025-03-25T00:09:15,-18,15.8,Food,Accessories,Electronics
C0502,10,10,2025-01-03T04:28:33,2025-03-29T17:28:52,-23,9.0,Electronics,Clothing,Accessories
C0884,6,6,2025-01-09T05:29:35,2025-03-22T16:54:18,-16,13.8,Electronics,Accessories,Home
C0514,6,6,2025-01-15T01:33:00,2025-03-19T02:28:23,-12,12.0,Clothing,Electronics,Food
C0007,12,12,2025-01-06T10:28:02,2025-03-28T04:01:03,-21,6.909090909090909,Electronics,Clothing,Food
C0430,9,8,2025-01-03T17:30:51,2025-03-29T00:01:32,-22,10.125,Accessories,Food,Electronics
C0956,7,7,2025-01-13T22:38:34,2025-03-19T09:46:04,-12,10.333333333333334,Food,Home,Accessories
C0516,11,10,2025-01-04T07:43:09,2025-03-30T14:19:31,-24,8.0,Home,Accessories,Food
C0913,9,9,2025-01-06T17:16:30,2025-03-05T00:59:48,2,6.625,Home,Clothing,Accessories
C0989,7,7,2025-01-06T17:16:58,2025-03-05T11:14:36,2,9.166666666666666,Food,Clothing,Electronics
C0086,5,5,2025-01-27T11:20:52,2025-03-24T06:20:12,-17,13.25,Accessories,Electronics,
C0417,7,7,2025-01-15T18:54:19,2025-03-23T21:58:53,-17,10.833333333333334,Clothing,Accessories,Home
C0067,8,8,2025-01-04T14:04:05,2025-03-21T12:52:39,-15,10.285714285714286,Clothing,Home,Food
C0308,6,5,2025-01-06T00:39:35,2025-03-14T13:04:00,-8,13.2,Food,Electronics,Clothing
C0618,15,13,2025-01-09T14:36:10,2025-03-30T02:45:27,-23,5.214285714285714,Clothing,Accessories,Electronics
C0381,8,8,2025-01-31T03:02:24,2025-03-11T08:57:19,-4,5.285714285714286,Clothing,Food,Electronics
C0726,3,3,2025-01-03T09:26:08,2025-03-20T09:58:36,-13,37.5,Clothing,Food,Electronics
C0068,4,4,2025-01-13T22:51:35,2025-03-24T06:44:57,-17,22.333333333333332,Accessories,Clothing,
C0826,9,9,2025-01-01T03:40:21,2025-03-22T16:28:31,-16,9.625,Home,Accessories,Clothing
C0972,13,13,2025-01-06T13:09:38,2025-03-28T20:15:26,-22,6.25,Accessories,Food,Home
C0197,4,4,2025-02-12T14:12:20,2025-03-17T19:27:51,-11,10.666666666666666,Clothing,Home,Electronics
C0429,7,7,2025-01-11T23:41:38,2025-03-25T21:44:16,-19,11.666666666666666,Clothing,Accessories,Food
C0851,11,11,2025-01-12T11:17:46,2025-03-30T11:41:56,-23,7.3,Home,Clothing,Food
C0160,8,8,2025-01-02T08:31:47,2025-03-09T16:53:56,-3,9.0,Electronics,Accessories,Home
C0594,8,8,2025-01-16T00:32:36,2025-03-17T06:17:34,-10,8.142857142857142,Food,Home,Clothing
C0190,8,8,2025-01-05T21:31:14,2025-03-20T23:11:30,-14,10.0,Food,Accessories,Electronics
C0786,10,10,2025-01-04T23:48:13,2025-03-27T01:44:05,-20,8.444444444444445,Home,Clothing,Accessories
C0365,6,6,2025-01-12T10:03:47,2025-03-21T13:26:59,-15,13.2,Clothing,Food,Accessories
C0677,5,5,2025-01-08T17:58:12,2025-03-12T23:21:04,-6,15.25,Food,Accessories,Home
C0047,9,9,2025-01-12T22:33:41,2025-03-28T16:31:19,-22,8.875,Food,Home,Accessories
C0383,4,4,2025-01-03T07:06:39,2025-02-11T15:01:28,23,12.333333333333334,Home,Food,Clothing
C0924,4,4,2025-01-13T22:47:01,2025-03-21T21:25:45,-15,21.666666666666668,Home,Accessories,Electronics
C0476,6,6,2025-01-01T13:19:23,2025-03-23T03:19:44,-16,15.8,Food,Electronics,Home
C0376,5,5,2025-01-22T07:30:41,2025-02-06T20:55:41,28,3.5,Accessories,Home,Electronics
C0210,4,4,2025-01-31T23:09:25,2025-03-25T21:55:37,-19,17.333333333333332,Accessories,Home,Clothing
C0853,3,3,2025-02-04T17:39:49,2025-03-18T13:31:35,-12,20.5,Accessories,Clothing,
C0006,8,8,2025-01-22T07:55:44,2025-03-25T17:40:23,-19,8.571428571428571,Accessories,Home,Food
C0612,6,6,2025-01-10T17:55:22,2025-03-17T13:30:22,-11,12.8,Home,Food,Clothing
C0605,6,6,2025-02-01T04:45:24,2025-03-20T14:59:56,-14,9.0,Home,Food,Clothing
C0368,8,8,2025-01-01T16:05:33,2025-03-08T12:32:20,-2,9.0,Food,Home,Accessories
C0393,9,9,2025-01-06T02:00:38,2025-03-26T12:44:52,-20,9.5,Clothing,Accessories,Food
C0098,6,5,2025-01-25T16:59:36,2025-03-23T22:07:31,-17,10.8,Food,Clothing,Home
C0263,5,5,2025-01-18T18:54:51,2025-03-24T22:04:33,-18,15.75,Clothing,Accessories,Home
